district_id,district_name,year,month,week,cases
BC,Bình Chánh,2022,1,1,133
BT,Bình Tân,2022,1,1,120
BTH,Bình Thạnh,2022,1,1,52
CG,Cần Giờ,2022,1,1,13
CC,Củ Chi,2022,1,1,79
GV,Gò Vấp,2022,1,1,74
HM,Hóc Môn,2022,1,1,74
NB,Nhà Bè,2022,1,1,31
PN,Phú Nhuận,2022,1,1,14
Q1,Quận 1,2022,1,1,15
Q10,Quận 10,2022,1,1,18
Q11,Quận 11,2022,1,1,17
Q12,Quận 12,2022,1,1,82
Q3,Quận 3,2022,1,1,14
Q4,Quận 4,2022,1,1,17
Q5,Quận 5,2022,1,1,18
Q6,Quận 6,2022,1,1,19
Q7,Quận 7,2022,1,1,36
Q8,Quận 8,2022,1,1,42
TB,Tân Bình,2022,1,1,60
TP,Tân Phú,2022,1,1,60
TD,Thủ Đức,2022,1,1,152
BC,Bình Chánh,2022,1,2,109
BT,Bình Tân,2022,1,2,109
BTH,Bình Thạnh,2022,1,2,69
CG,Cần Giờ,2022,1,2,9
CC,Củ Chi,2022,1,2,59
GV,Gò Vấp,2022,1,2,92
HM,Hóc Môn,2022,1,2,85
NB,Nhà Bè,2022,1,2,37
PN,Phú Nhuận,2022,1,2,11
Q1,Quận 1,2022,1,2,23
Q10,Quận 10,2022,1,2,16
Q11,Quận 11,2022,1,2,19
Q12,Quận 12,2022,1,2,86
Q3,Quận 3,2022,1,2,18
Q4,Quận 4,2022,1,2,14
Q5,Quận 5,2022,1,2,19
Q6,Quận 6,2022,1,2,30
Q7,Quận 7,2022,1,2,41
Q8,Quận 8,2022,1,2,42
TB,Tân Bình,2022,1,2,72
TP,Tân Phú,2022,1,2,56
TD,Thủ Đức,2022,1,2,162
BC,Bình Chánh,2022,1,3,130
BT,Bình Tân,2022,1,3,133
BTH,Bình Thạnh,2022,1,3,64
CG,Cần Giờ,2022,1,3,15
CC,Củ Chi,2022,1,3,82
GV,Gò Vấp,2022,1,3,79
HM,Hóc Môn,2022,1,3,72
NB,Nhà Bè,2022,1,3,30
PN,Phú Nhuận,2022,1,3,8
Q1,Quận 1,2022,1,3,26
Q10,Quận 10,2022,1,3,19
Q11,Quận 11,2022,1,3,20
Q12,Quận 12,2022,1,3,103
Q3,Quận 3,2022,1,3,13
Q4,Quận 4,2022,1,3,17
Q5,Quận 5,2022,1,3,17
Q6,Quận 6,2022,1,3,15
Q7,Quận 7,2022,1,3,51
Q8,Quận 8,2022,1,3,38
TB,Tân Bình,2022,1,3,63
TP,Tân Phú,2022,1,3,52
TD,Thủ Đức,2022,1,3,169
BC,Bình Chánh,2022,1,4,143
BT,Bình Tân,2022,1,4,96
BTH,Bình Thạnh,2022,1,4,57
CG,Cần Giờ,2022,1,4,13
CC,Củ Chi,2022,1,4,70
GV,Gò Vấp,2022,1,4,88
HM,Hóc Môn,2022,1,4,85
NB,Nhà Bè,2022,1,4,43
PN,Phú Nhuận,2022,1,4,11
Q1,Quận 1,2022,1,4,14
Q10,Quận 10,2022,1,4,23
Q11,Quận 11,2022,1,4,22
Q12,Quận 12,2022,1,4,66
Q3,Quận 3,2022,1,4,19
Q4,Quận 4,2022,1,4,18
Q5,Quận 5,2022,1,4,18
Q6,Quận 6,2022,1,4,28
Q7,Quận 7,2022,1,4,31
Q8,Quận 8,2022,1,4,47
TB,Tân Bình,2022,1,4,63
TP,Tân Phú,2022,1,4,63
TD,Thủ Đức,2022,1,4,167
BC,Bình Chánh,2022,1,5,143
BT,Bình Tân,2022,1,5,118
BTH,Bình Thạnh,2022,1,5,49
CG,Cần Giờ,2022,1,5,9
CC,Củ Chi,2022,1,5,82
GV,Gò Vấp,2022,1,5,93
HM,Hóc Môn,2022,1,5,82
NB,Nhà Bè,2022,1,5,26
PN,Phú Nhuận,2022,1,5,11
Q1,Quận 1,2022,1,5,19
Q10,Quận 10,2022,1,5,26
Q11,Quận 11,2022,1,5,21
Q12,Quận 12,2022,1,5,74
Q3,Quận 3,2022,1,5,17
Q4,Quận 4,2022,1,5,15
Q5,Quận 5,2022,1,5,24
Q6,Quận 6,2022,1,5,27
Q7,Quận 7,2022,1,5,33
Q8,Quận 8,2022,1,5,56
TB,Tân Bình,2022,1,5,64
TP,Tân Phú,2022,1,5,55
TD,Thủ Đức,2022,1,5,188
BC,Bình Chánh,2022,2,6,139
BT,Bình Tân,2022,2,6,124
BTH,Bình Thạnh,2022,2,6,66
CG,Cần Giờ,2022,2,6,17
CC,Củ Chi,2022,2,6,67
GV,Gò Vấp,2022,2,6,87
HM,Hóc Môn,2022,2,6,79
NB,Nhà Bè,2022,2,6,28
PN,Phú Nhuận,2022,2,6,17
Q1,Quận 1,2022,2,6,12
Q10,Quận 10,2022,2,6,23
Q11,Quận 11,2022,2,6,24
Q12,Quận 12,2022,2,6,61
Q3,Quận 3,2022,2,6,14
Q4,Quận 4,2022,2,6,21
Q5,Quận 5,2022,2,6,20
Q6,Quận 6,2022,2,6,25
Q7,Quận 7,2022,2,6,48
Q8,Quận 8,2022,2,6,45
TB,Tân Bình,2022,2,6,51
TP,Tân Phú,2022,2,6,59
TD,Thủ Đức,2022,2,6,181
BC,Bình Chánh,2022,2,7,167
BT,Bình Tân,2022,2,7,116
BTH,Bình Thạnh,2022,2,7,60
CG,Cần Giờ,2022,2,7,10
CC,Củ Chi,2022,2,7,51
GV,Gò Vấp,2022,2,7,96
HM,Hóc Môn,2022,2,7,80
NB,Nhà Bè,2022,2,7,32
PN,Phú Nhuận,2022,2,7,9
Q1,Quận 1,2022,2,7,16
Q10,Quận 10,2022,2,7,21
Q11,Quận 11,2022,2,7,20
Q12,Quận 12,2022,2,7,81
Q3,Quận 3,2022,2,7,15
Q4,Quận 4,2022,2,7,12
Q5,Quận 5,2022,2,7,24
Q6,Quận 6,2022,2,7,25
Q7,Quận 7,2022,2,7,40
Q8,Quận 8,2022,2,7,61
TB,Tân Bình,2022,2,7,52
TP,Tân Phú,2022,2,7,47
TD,Thủ Đức,2022,2,7,155
BC,Bình Chánh,2022,2,8,118
BT,Bình Tân,2022,2,8,127
BTH,Bình Thạnh,2022,2,8,70
CG,Cần Giờ,2022,2,8,7
CC,Củ Chi,2022,2,8,74
GV,Gò Vấp,2022,2,8,92
HM,Hóc Môn,2022,2,8,75
NB,Nhà Bè,2022,2,8,37
PN,Phú Nhuận,2022,2,8,12
Q1,Quận 1,2022,2,8,16
Q10,Quận 10,2022,2,8,25
Q11,Quận 11,2022,2,8,26
Q12,Quận 12,2022,2,8,68
Q3,Quận 3,2022,2,8,13
Q4,Quận 4,2022,2,8,18
Q5,Quận 5,2022,2,8,15
Q6,Quận 6,2022,2,8,35
Q7,Quận 7,2022,2,8,38
Q8,Quận 8,2022,2,8,63
TB,Tân Bình,2022,2,8,63
TP,Tân Phú,2022,2,8,54
TD,Thủ Đức,2022,2,8,184
BC,Bình Chánh,2022,2,9,152
BT,Bình Tân,2022,2,9,98
BTH,Bình Thạnh,2022,2,9,46
CG,Cần Giờ,2022,2,9,11
CC,Củ Chi,2022,2,9,67
GV,Gò Vấp,2022,2,9,75
HM,Hóc Môn,2022,2,9,85
NB,Nhà Bè,2022,2,9,23
PN,Phú Nhuận,2022,2,9,7
Q1,Quận 1,2022,2,9,20
Q10,Quận 10,2022,2,9,18
Q11,Quận 11,2022,2,9,20
Q12,Quận 12,2022,2,9,89
Q3,Quận 3,2022,2,9,12
Q4,Quận 4,2022,2,9,14
Q5,Quận 5,2022,2,9,8
Q6,Quận 6,2022,2,9,19
Q7,Quận 7,2022,2,9,46
Q8,Quận 8,2022,2,9,66
TB,Tân Bình,2022,2,9,56
TP,Tân Phú,2022,2,9,45
TD,Thủ Đức,2022,2,9,183
BC,Bình Chánh,2022,3,10,141
BT,Bình Tân,2022,3,10,119
BTH,Bình Thạnh,2022,3,10,44
CG,Cần Giờ,2022,3,10,11
CC,Củ Chi,2022,3,10,66
GV,Gò Vấp,2022,3,10,86
HM,Hóc Môn,2022,3,10,84
NB,Nhà Bè,2022,3,10,36
PN,Phú Nhuận,2022,3,10,11
Q1,Quận 1,2022,3,10,20
Q10,Quận 10,2022,3,10,29
Q11,Quận 11,2022,3,10,24
Q12,Quận 12,2022,3,10,99
Q3,Quận 3,2022,3,10,5
Q4,Quận 4,2022,3,10,19
Q5,Quận 5,2022,3,10,18
Q6,Quận 6,2022,3,10,33
Q7,Quận 7,2022,3,10,40
Q8,Quận 8,2022,3,10,56
TB,Tân Bình,2022,3,10,60
TP,Tân Phú,2022,3,10,78
TD,Thủ Đức,2022,3,10,168
BC,Bình Chánh,2022,3,11,148
BT,Bình Tân,2022,3,11,102
BTH,Bình Thạnh,2022,3,11,64
CG,Cần Giờ,2022,3,11,12
CC,Củ Chi,2022,3,11,74
GV,Gò Vấp,2022,3,11,100
HM,Hóc Môn,2022,3,11,71
NB,Nhà Bè,2022,3,11,38
PN,Phú Nhuận,2022,3,11,16
Q1,Quận 1,2022,3,11,13
Q10,Quận 10,2022,3,11,18
Q11,Quận 11,2022,3,11,21
Q12,Quận 12,2022,3,11,97
Q3,Quận 3,2022,3,11,14
Q4,Quận 4,2022,3,11,20
Q5,Quận 5,2022,3,11,12
Q6,Quận 6,2022,3,11,27
Q7,Quận 7,2022,3,11,42
Q8,Quận 8,2022,3,11,51
TB,Tân Bình,2022,3,11,48
TP,Tân Phú,2022,3,11,50
TD,Thủ Đức,2022,3,11,164
BC,Bình Chánh,2022,3,12,133
BT,Bình Tân,2022,3,12,136
BTH,Bình Thạnh,2022,3,12,68
CG,Cần Giờ,2022,3,12,9
CC,Củ Chi,2022,3,12,64
GV,Gò Vấp,2022,3,12,79
HM,Hóc Môn,2022,3,12,71
NB,Nhà Bè,2022,3,12,28
PN,Phú Nhuận,2022,3,12,14
Q1,Quận 1,2022,3,12,20
Q10,Quận 10,2022,3,12,11
Q11,Quận 11,2022,3,12,18
Q12,Quận 12,2022,3,12,81
Q3,Quận 3,2022,3,12,15
Q4,Quận 4,2022,3,12,21
Q5,Quận 5,2022,3,12,17
Q6,Quận 6,2022,3,12,20
Q7,Quận 7,2022,3,12,43
Q8,Quận 8,2022,3,12,44
TB,Tân Bình,2022,3,12,55
TP,Tân Phú,2022,3,12,63
TD,Thủ Đức,2022,3,12,196
BC,Bình Chánh,2022,3,13,127
BT,Bình Tân,2022,3,13,124
BTH,Bình Thạnh,2022,3,13,63
CG,Cần Giờ,2022,3,13,10
CC,Củ Chi,2022,3,13,78
GV,Gò Vấp,2022,3,13,93
HM,Hóc Môn,2022,3,13,71
NB,Nhà Bè,2022,3,13,29
PN,Phú Nhuận,2022,3,13,10
Q1,Quận 1,2022,3,13,11
Q10,Quận 10,2022,3,13,14
Q11,Quận 11,2022,3,13,28
Q12,Quận 12,2022,3,13,75
Q3,Quận 3,2022,3,13,21
Q4,Quận 4,2022,3,13,23
Q5,Quận 5,2022,3,13,21
Q6,Quận 6,2022,3,13,25
Q7,Quận 7,2022,3,13,44
Q8,Quận 8,2022,3,13,40
TB,Tân Bình,2022,3,13,58
TP,Tân Phú,2022,3,13,53
TD,Thủ Đức,2022,3,13,187
BC,Bình Chánh,2022,4,14,144
BT,Bình Tân,2022,4,14,117
BTH,Bình Thạnh,2022,4,14,60
CG,Cần Giờ,2022,4,14,16
CC,Củ Chi,2022,4,14,75
GV,Gò Vấp,2022,4,14,87
HM,Hóc Môn,2022,4,14,74
NB,Nhà Bè,2022,4,14,46
PN,Phú Nhuận,2022,4,14,15
Q1,Quận 1,2022,4,14,15
Q10,Quận 10,2022,4,14,23
Q11,Quận 11,2022,4,14,22
Q12,Quận 12,2022,4,14,84
Q3,Quận 3,2022,4,14,13
Q4,Quận 4,2022,4,14,21
Q5,Quận 5,2022,4,14,21
Q6,Quận 6,2022,4,14,24
Q7,Quận 7,2022,4,14,42
Q8,Quận 8,2022,4,14,62
TB,Tân Bình,2022,4,14,68
TP,Tân Phú,2022,4,14,53
TD,Thủ Đức,2022,4,14,194
BC,Bình Chánh,2022,4,15,171
BT,Bình Tân,2022,4,15,112
BTH,Bình Thạnh,2022,4,15,61
CG,Cần Giờ,2022,4,15,11
CC,Củ Chi,2022,4,15,65
GV,Gò Vấp,2022,4,15,102
HM,Hóc Môn,2022,4,15,80
NB,Nhà Bè,2022,4,15,39
PN,Phú Nhuận,2022,4,15,17
Q1,Quận 1,2022,4,15,16
Q10,Quận 10,2022,4,15,22
Q11,Quận 11,2022,4,15,24
Q12,Quận 12,2022,4,15,77
Q3,Quận 3,2022,4,15,14
Q4,Quận 4,2022,4,15,31
Q5,Quận 5,2022,4,15,20
Q6,Quận 6,2022,4,15,30
Q7,Quận 7,2022,4,15,43
Q8,Quận 8,2022,4,15,50
TB,Tân Bình,2022,4,15,77
TP,Tân Phú,2022,4,15,66
TD,Thủ Đức,2022,4,15,163
BC,Bình Chánh,2022,4,16,168
BT,Bình Tân,2022,4,16,123
BTH,Bình Thạnh,2022,4,16,70
CG,Cần Giờ,2022,4,16,11
CC,Củ Chi,2022,4,16,85
GV,Gò Vấp,2022,4,16,87
HM,Hóc Môn,2022,4,16,79
NB,Nhà Bè,2022,4,16,36
PN,Phú Nhuận,2022,4,16,21
Q1,Quận 1,2022,4,16,21
Q10,Quận 10,2022,4,16,16
Q11,Quận 11,2022,4,16,25
Q12,Quận 12,2022,4,16,72
Q3,Quận 3,2022,4,16,11
Q4,Quận 4,2022,4,16,24
Q5,Quận 5,2022,4,16,22
Q6,Quận 6,2022,4,16,30
Q7,Quận 7,2022,4,16,44
Q8,Quận 8,2022,4,16,44
TB,Tân Bình,2022,4,16,64
TP,Tân Phú,2022,4,16,69
TD,Thủ Đức,2022,4,16,206
BC,Bình Chánh,2022,4,17,149
BT,Bình Tân,2022,4,17,142
BTH,Bình Thạnh,2022,4,17,75
CG,Cần Giờ,2022,4,17,8
CC,Củ Chi,2022,4,17,87
GV,Gò Vấp,2022,4,17,108
HM,Hóc Môn,2022,4,17,97
NB,Nhà Bè,2022,4,17,33
PN,Phú Nhuận,2022,4,17,11
Q1,Quận 1,2022,4,17,15
Q10,Quận 10,2022,4,17,21
Q11,Quận 11,2022,4,17,31
Q12,Quận 12,2022,4,17,85
Q3,Quận 3,2022,4,17,16
Q4,Quận 4,2022,4,17,25
Q5,Quận 5,2022,4,17,19
Q6,Quận 6,2022,4,17,27
Q7,Quận 7,2022,4,17,53
Q8,Quận 8,2022,4,17,63
TB,Tân Bình,2022,4,17,81
TP,Tân Phú,2022,4,17,66
TD,Thủ Đức,2022,4,17,192
BC,Bình Chánh,2022,4,18,169
BT,Bình Tân,2022,4,18,120
BTH,Bình Thạnh,2022,4,18,63
CG,Cần Giờ,2022,4,18,9
CC,Củ Chi,2022,4,18,77
GV,Gò Vấp,2022,4,18,105
HM,Hóc Môn,2022,4,18,86
NB,Nhà Bè,2022,4,18,46
PN,Phú Nhuận,2022,4,18,17
Q1,Quận 1,2022,4,18,20
Q10,Quận 10,2022,4,18,23
Q11,Quận 11,2022,4,18,20
Q12,Quận 12,2022,4,18,79
Q3,Quận 3,2022,4,18,12
Q4,Quận 4,2022,4,18,21
Q5,Quận 5,2022,4,18,22
Q6,Quận 6,2022,4,18,32
Q7,Quận 7,2022,4,18,53
Q8,Quận 8,2022,4,18,57
TB,Tân Bình,2022,4,18,71
TP,Tân Phú,2022,4,18,65
TD,Thủ Đức,2022,4,18,187
BC,Bình Chánh,2022,5,19,178
BT,Bình Tân,2022,5,19,146
BTH,Bình Thạnh,2022,5,19,68
CG,Cần Giờ,2022,5,19,18
CC,Củ Chi,2022,5,19,79
GV,Gò Vấp,2022,5,19,99
HM,Hóc Môn,2022,5,19,115
NB,Nhà Bè,2022,5,19,53
PN,Phú Nhuận,2022,5,19,12
Q1,Quận 1,2022,5,19,26
Q10,Quận 10,2022,5,19,19
Q11,Quận 11,2022,5,19,37
Q12,Quận 12,2022,5,19,88
Q3,Quận 3,2022,5,19,23
Q4,Quận 4,2022,5,19,28
Q5,Quận 5,2022,5,19,29
Q6,Quận 6,2022,5,19,29
Q7,Quận 7,2022,5,19,44
Q8,Quận 8,2022,5,19,44
TB,Tân Bình,2022,5,19,69
TP,Tân Phú,2022,5,19,55
TD,Thủ Đức,2022,5,19,216
BC,Bình Chánh,2022,5,20,168
BT,Bình Tân,2022,5,20,160
BTH,Bình Thạnh,2022,5,20,70
CG,Cần Giờ,2022,5,20,20
CC,Củ Chi,2022,5,20,101
GV,Gò Vấp,2022,5,20,127
HM,Hóc Môn,2022,5,20,110
NB,Nhà Bè,2022,5,20,40
PN,Phú Nhuận,2022,5,20,20
Q1,Quận 1,2022,5,20,21
Q10,Quận 10,2022,5,20,20
Q11,Quận 11,2022,5,20,25
Q12,Quận 12,2022,5,20,95
Q3,Quận 3,2022,5,20,7
Q4,Quận 4,2022,5,20,24
Q5,Quận 5,2022,5,20,24
Q6,Quận 6,2022,5,20,32
Q7,Quận 7,2022,5,20,67
Q8,Quận 8,2022,5,20,61
TB,Tân Bình,2022,5,20,93
TP,Tân Phú,2022,5,20,76
TD,Thủ Đức,2022,5,20,208
BC,Bình Chánh,2022,5,21,169
BT,Bình Tân,2022,5,21,159
BTH,Bình Thạnh,2022,5,21,77
CG,Cần Giờ,2022,5,21,18
CC,Củ Chi,2022,5,21,101
GV,Gò Vấp,2022,5,21,101
HM,Hóc Môn,2022,5,21,107
NB,Nhà Bè,2022,5,21,37
PN,Phú Nhuận,2022,5,21,22
Q1,Quận 1,2022,5,21,25
Q10,Quận 10,2022,5,21,16
Q11,Quận 11,2022,5,21,26
Q12,Quận 12,2022,5,21,112
Q3,Quận 3,2022,5,21,10
Q4,Quận 4,2022,5,21,29
Q5,Quận 5,2022,5,21,26
Q6,Quận 6,2022,5,21,34
Q7,Quận 7,2022,5,21,61
Q8,Quận 8,2022,5,21,65
TB,Tân Bình,2022,5,21,72
TP,Tân Phú,2022,5,21,84
TD,Thủ Đức,2022,5,21,246
BC,Bình Chánh,2022,5,22,196
BT,Bình Tân,2022,5,22,161
BTH,Bình Thạnh,2022,5,22,86
CG,Cần Giờ,2022,5,22,21
CC,Củ Chi,2022,5,22,105
GV,Gò Vấp,2022,5,22,109
HM,Hóc Môn,2022,5,22,96
NB,Nhà Bè,2022,5,22,51
PN,Phú Nhuận,2022,5,22,19
Q1,Quận 1,2022,5,22,26
Q10,Quận 10,2022,5,22,30
Q11,Quận 11,2022,5,22,34
Q12,Quận 12,2022,5,22,136
Q3,Quận 3,2022,5,22,20
Q4,Quận 4,2022,5,22,24
Q5,Quận 5,2022,5,22,13
Q6,Quận 6,2022,5,22,33
Q7,Quận 7,2022,5,22,61
Q8,Quận 8,2022,5,22,69
TB,Tân Bình,2022,5,22,80
TP,Tân Phú,2022,5,22,84
TD,Thủ Đức,2022,5,22,233
BC,Bình Chánh,2022,6,23,178
BT,Bình Tân,2022,6,23,166
BTH,Bình Thạnh,2022,6,23,70
CG,Cần Giờ,2022,6,23,18
CC,Củ Chi,2022,6,23,120
GV,Gò Vấp,2022,6,23,116
HM,Hóc Môn,2022,6,23,110
NB,Nhà Bè,2022,6,23,43
PN,Phú Nhuận,2022,6,23,25
Q1,Quận 1,2022,6,23,20
Q10,Quận 10,2022,6,23,29
Q11,Quận 11,2022,6,23,38
Q12,Quận 12,2022,6,23,144
Q3,Quận 3,2022,6,23,22
Q4,Quận 4,2022,6,23,21
Q5,Quận 5,2022,6,23,31
Q6,Quận 6,2022,6,23,42
Q7,Quận 7,2022,6,23,46
Q8,Quận 8,2022,6,23,70
TB,Tân Bình,2022,6,23,75
TP,Tân Phú,2022,6,23,64
TD,Thủ Đức,2022,6,23,234
BC,Bình Chánh,2022,6,24,193
BT,Bình Tân,2022,6,24,161
BTH,Bình Thạnh,2022,6,24,91
CG,Cần Giờ,2022,6,24,19
CC,Củ Chi,2022,6,24,110
GV,Gò Vấp,2022,6,24,122
HM,Hóc Môn,2022,6,24,103
NB,Nhà Bè,2022,6,24,49
PN,Phú Nhuận,2022,6,24,20
Q1,Quận 1,2022,6,24,23
Q10,Quận 10,2022,6,24,19
Q11,Quận 11,2022,6,24,16
Q12,Quận 12,2022,6,24,113
Q3,Quận 3,2022,6,24,20
Q4,Quận 4,2022,6,24,35
Q5,Quận 5,2022,6,24,18
Q6,Quận 6,2022,6,24,40
Q7,Quận 7,2022,6,24,42
Q8,Quận 8,2022,6,24,73
TB,Tân Bình,2022,6,24,93
TP,Tân Phú,2022,6,24,80
TD,Thủ Đức,2022,6,24,226
BC,Bình Chánh,2022,6,25,210
BT,Bình Tân,2022,6,25,169
BTH,Bình Thạnh,2022,6,25,92
CG,Cần Giờ,2022,6,25,10
CC,Củ Chi,2022,6,25,97
GV,Gò Vấp,2022,6,25,142
HM,Hóc Môn,2022,6,25,109
NB,Nhà Bè,2022,6,25,51
PN,Phú Nhuận,2022,6,25,20
Q1,Quận 1,2022,6,25,21
Q10,Quận 10,2022,6,25,19
Q11,Quận 11,2022,6,25,28
Q12,Quận 12,2022,6,25,134
Q3,Quận 3,2022,6,25,23
Q4,Quận 4,2022,6,25,28
Q5,Quận 5,2022,6,25,30
Q6,Quận 6,2022,6,25,38
Q7,Quận 7,2022,6,25,61
Q8,Quận 8,2022,6,25,83
TB,Tân Bình,2022,6,25,83
TP,Tân Phú,2022,6,25,103
TD,Thủ Đức,2022,6,25,268
BC,Bình Chánh,2022,6,26,225
BT,Bình Tân,2022,6,26,162
BTH,Bình Thạnh,2022,6,26,126
CG,Cần Giờ,2022,6,26,23
CC,Củ Chi,2022,6,26,100
GV,Gò Vấp,2022,6,26,129
HM,Hóc Môn,2022,6,26,120
NB,Nhà Bè,2022,6,26,42
PN,Phú Nhuận,2022,6,26,34
Q1,Quận 1,2022,6,26,30
Q10,Quận 10,2022,6,26,34
Q11,Quận 11,2022,6,26,29
Q12,Quận 12,2022,6,26,112
Q3,Quận 3,2022,6,26,18
Q4,Quận 4,2022,6,26,30
Q5,Quận 5,2022,6,26,27
Q6,Quận 6,2022,6,26,33
Q7,Quận 7,2022,6,26,67
Q8,Quận 8,2022,6,26,82
TB,Tân Bình,2022,6,26,95
TP,Tân Phú,2022,6,26,81
TD,Thủ Đức,2022,6,26,260
BC,Bình Chánh,2022,7,27,223
BT,Bình Tân,2022,7,27,147
BTH,Bình Thạnh,2022,7,27,97
CG,Cần Giờ,2022,7,27,16
CC,Củ Chi,2022,7,27,85
GV,Gò Vấp,2022,7,27,140
HM,Hóc Môn,2022,7,27,127
NB,Nhà Bè,2022,7,27,51
PN,Phú Nhuận,2022,7,27,15
Q1,Quận 1,2022,7,27,25
Q10,Quận 10,2022,7,27,25
Q11,Quận 11,2022,7,27,53
Q12,Quận 12,2022,7,27,134
Q3,Quận 3,2022,7,27,27
Q4,Quận 4,2022,7,27,36
Q5,Quận 5,2022,7,27,36
Q6,Quận 6,2022,7,27,42
Q7,Quận 7,2022,7,27,76
Q8,Quận 8,2022,7,27,80
TB,Tân Bình,2022,7,27,87
TP,Tân Phú,2022,7,27,90
TD,Thủ Đức,2022,7,27,255
BC,Bình Chánh,2022,7,28,248
BT,Bình Tân,2022,7,28,190
BTH,Bình Thạnh,2022,7,28,114
CG,Cần Giờ,2022,7,28,17
CC,Củ Chi,2022,7,28,126
GV,Gò Vấp,2022,7,28,150
HM,Hóc Môn,2022,7,28,144
NB,Nhà Bè,2022,7,28,54
PN,Phú Nhuận,2022,7,28,19
Q1,Quận 1,2022,7,28,27
Q10,Quận 10,2022,7,28,29
Q11,Quận 11,2022,7,28,31
Q12,Quận 12,2022,7,28,122
Q3,Quận 3,2022,7,28,23
Q4,Quận 4,2022,7,28,36
Q5,Quận 5,2022,7,28,24
Q6,Quận 6,2022,7,28,44
Q7,Quận 7,2022,7,28,64
Q8,Quận 8,2022,7,28,79
TB,Tân Bình,2022,7,28,102
TP,Tân Phú,2022,7,28,106
TD,Thủ Đức,2022,7,28,329
BC,Bình Chánh,2022,7,29,219
BT,Bình Tân,2022,7,29,198
BTH,Bình Thạnh,2022,7,29,99
CG,Cần Giờ,2022,7,29,19
CC,Củ Chi,2022,7,29,111
GV,Gò Vấp,2022,7,29,155
HM,Hóc Môn,2022,7,29,129
NB,Nhà Bè,2022,7,29,59
PN,Phú Nhuận,2022,7,29,21
Q1,Quận 1,2022,7,29,24
Q10,Quận 10,2022,7,29,26
Q11,Quận 11,2022,7,29,41
Q12,Quận 12,2022,7,29,138
Q3,Quận 3,2022,7,29,27
Q4,Quận 4,2022,7,29,48
Q5,Quận 5,2022,7,29,23
Q6,Quận 6,2022,7,29,47
Q7,Quận 7,2022,7,29,65
Q8,Quận 8,2022,7,29,87
TB,Tân Bình,2022,7,29,112
TP,Tân Phú,2022,7,29,104
TD,Thủ Đức,2022,7,29,302
BC,Bình Chánh,2022,7,30,244
BT,Bình Tân,2022,7,30,207
BTH,Bình Thạnh,2022,7,30,97
CG,Cần Giờ,2022,7,30,22
CC,Củ Chi,2022,7,30,112
GV,Gò Vấp,2022,7,30,150
HM,Hóc Môn,2022,7,30,146
NB,Nhà Bè,2022,7,30,54
PN,Phú Nhuận,2022,7,30,16
Q1,Quận 1,2022,7,30,34
Q10,Quận 10,2022,7,30,29
Q11,Quận 11,2022,7,30,28
Q12,Quận 12,2022,7,30,127
Q3,Quận 3,2022,7,30,18
Q4,Quận 4,2022,7,30,24
Q5,Quận 5,2022,7,30,18
Q6,Quận 6,2022,7,30,40
Q7,Quận 7,2022,7,30,82
Q8,Quận 8,2022,7,30,82
TB,Tân Bình,2022,7,30,98
TP,Tân Phú,2022,7,30,103
TD,Thủ Đức,2022,7,30,301
BC,Bình Chánh,2022,7,31,247
BT,Bình Tân,2022,7,31,186
BTH,Bình Thạnh,2022,7,31,98
CG,Cần Giờ,2022,7,31,13
CC,Củ Chi,2022,7,31,132
GV,Gò Vấp,2022,7,31,155
HM,Hóc Môn,2022,7,31,163
NB,Nhà Bè,2022,7,31,54
PN,Phú Nhuận,2022,7,31,24
Q1,Quận 1,2022,7,31,31
Q10,Quận 10,2022,7,31,24
Q11,Quận 11,2022,7,31,44
Q12,Quận 12,2022,7,31,109
Q3,Quận 3,2022,7,31,20
Q4,Quận 4,2022,7,31,37
Q5,Quận 5,2022,7,31,27
Q6,Quận 6,2022,7,31,48
Q7,Quận 7,2022,7,31,87
Q8,Quận 8,2022,7,31,70
TB,Tân Bình,2022,7,31,102
TP,Tân Phú,2022,7,31,116
TD,Thủ Đức,2022,7,31,325
BC,Bình Chánh,2022,8,32,221
BT,Bình Tân,2022,8,32,189
BTH,Bình Thạnh,2022,8,32,114
CG,Cần Giờ,2022,8,32,15
CC,Củ Chi,2022,8,32,145
GV,Gò Vấp,2022,8,32,155
HM,Hóc Môn,2022,8,32,131
NB,Nhà Bè,2022,8,32,55
PN,Phú Nhuận,2022,8,32,22
Q1,Quận 1,2022,8,32,46
Q10,Quận 10,2022,8,32,50
Q11,Quận 11,2022,8,32,36
Q12,Quận 12,2022,8,32,142
Q3,Quận 3,2022,8,32,26
Q4,Quận 4,2022,8,32,39
Q5,Quận 5,2022,8,32,22
Q6,Quận 6,2022,8,32,53
Q7,Quận 7,2022,8,32,63
Q8,Quận 8,2022,8,32,78
TB,Tân Bình,2022,8,32,113
TP,Tân Phú,2022,8,32,115
TD,Thủ Đức,2022,8,32,303
BC,Bình Chánh,2022,8,33,252
BT,Bình Tân,2022,8,33,188
BTH,Bình Thạnh,2022,8,33,109
CG,Cần Giờ,2022,8,33,19
CC,Củ Chi,2022,8,33,139
GV,Gò Vấp,2022,8,33,164
HM,Hóc Môn,2022,8,33,142
NB,Nhà Bè,2022,8,33,64
PN,Phú Nhuận,2022,8,33,24
Q1,Quận 1,2022,8,33,46
Q10,Quận 10,2022,8,33,26
Q11,Quận 11,2022,8,33,39
Q12,Quận 12,2022,8,33,127
Q3,Quận 3,2022,8,33,18
Q4,Quận 4,2022,8,33,41
Q5,Quận 5,2022,8,33,27
Q6,Quận 6,2022,8,33,47
Q7,Quận 7,2022,8,33,82
Q8,Quận 8,2022,8,33,90
TB,Tân Bình,2022,8,33,100
TP,Tân Phú,2022,8,33,105
TD,Thủ Đức,2022,8,33,326
BC,Bình Chánh,2022,8,34,259
BT,Bình Tân,2022,8,34,180
BTH,Bình Thạnh,2022,8,34,99
CG,Cần Giờ,2022,8,34,21
CC,Củ Chi,2022,8,34,99
GV,Gò Vấp,2022,8,34,162
HM,Hóc Môn,2022,8,34,124
NB,Nhà Bè,2022,8,34,55
PN,Phú Nhuận,2022,8,34,22
Q1,Quận 1,2022,8,34,35
Q10,Quận 10,2022,8,34,28
Q11,Quận 11,2022,8,34,43
Q12,Quận 12,2022,8,34,138
Q3,Quận 3,2022,8,34,21
Q4,Quận 4,2022,8,34,39
Q5,Quận 5,2022,8,34,24
Q6,Quận 6,2022,8,34,50
Q7,Quận 7,2022,8,34,78
Q8,Quận 8,2022,8,34,94
TB,Tân Bình,2022,8,34,112
TP,Tân Phú,2022,8,34,117
TD,Thủ Đức,2022,8,34,296
BC,Bình Chánh,2022,8,35,283
BT,Bình Tân,2022,8,35,203
BTH,Bình Thạnh,2022,8,35,110
CG,Cần Giờ,2022,8,35,31
CC,Củ Chi,2022,8,35,113
GV,Gò Vấp,2022,8,35,172
HM,Hóc Môn,2022,8,35,139
NB,Nhà Bè,2022,8,35,68
PN,Phú Nhuận,2022,8,35,32
Q1,Quận 1,2022,8,35,37
Q10,Quận 10,2022,8,35,41
Q11,Quận 11,2022,8,35,46
Q12,Quận 12,2022,8,35,134
Q3,Quận 3,2022,8,35,12
Q4,Quận 4,2022,8,35,29
Q5,Quận 5,2022,8,35,35
Q6,Quận 6,2022,8,35,48
Q7,Quận 7,2022,8,35,81
Q8,Quận 8,2022,8,35,88
TB,Tân Bình,2022,8,35,103
TP,Tân Phú,2022,8,35,113
TD,Thủ Đức,2022,8,35,327
BC,Bình Chánh,2022,9,36,235
BT,Bình Tân,2022,9,36,186
BTH,Bình Thạnh,2022,9,36,122
CG,Cần Giờ,2022,9,36,22
CC,Củ Chi,2022,9,36,132
GV,Gò Vấp,2022,9,36,149
HM,Hóc Môn,2022,9,36,148
NB,Nhà Bè,2022,9,36,65
PN,Phú Nhuận,2022,9,36,28
Q1,Quận 1,2022,9,36,46
Q10,Quận 10,2022,9,36,31
Q11,Quận 11,2022,9,36,36
Q12,Quận 12,2022,9,36,145
Q3,Quận 3,2022,9,36,31
Q4,Quận 4,2022,9,36,35
Q5,Quận 5,2022,9,36,32
Q6,Quận 6,2022,9,36,50
Q7,Quận 7,2022,9,36,83
Q8,Quận 8,2022,9,36,87
TB,Tân Bình,2022,9,36,113
TP,Tân Phú,2022,9,36,109
TD,Thủ Đức,2022,9,36,322
BC,Bình Chánh,2022,9,37,259
BT,Bình Tân,2022,9,37,196
BTH,Bình Thạnh,2022,9,37,111
CG,Cần Giờ,2022,9,37,12
CC,Củ Chi,2022,9,37,137
GV,Gò Vấp,2022,9,37,165
HM,Hóc Môn,2022,9,37,143
NB,Nhà Bè,2022,9,37,54
PN,Phú Nhuận,2022,9,37,16
Q1,Quận 1,2022,9,37,33
Q10,Quận 10,2022,9,37,37
Q11,Quận 11,2022,9,37,42
Q12,Quận 12,2022,9,37,129
Q3,Quận 3,2022,9,37,29
Q4,Quận 4,2022,9,37,38
Q5,Quận 5,2022,9,37,23
Q6,Quận 6,2022,9,37,44
Q7,Quận 7,2022,9,37,68
Q8,Quận 8,2022,9,37,79
TB,Tân Bình,2022,9,37,101
TP,Tân Phú,2022,9,37,119
TD,Thủ Đức,2022,9,37,299
BC,Bình Chánh,2022,9,38,246
BT,Bình Tân,2022,9,38,186
BTH,Bình Thạnh,2022,9,38,117
CG,Cần Giờ,2022,9,38,20
CC,Củ Chi,2022,9,38,135
GV,Gò Vấp,2022,9,38,156
HM,Hóc Môn,2022,9,38,153
NB,Nhà Bè,2022,9,38,76
PN,Phú Nhuận,2022,9,38,13
Q1,Quận 1,2022,9,38,27
Q10,Quận 10,2022,9,38,43
Q11,Quận 11,2022,9,38,35
Q12,Quận 12,2022,9,38,142
Q3,Quận 3,2022,9,38,14
Q4,Quận 4,2022,9,38,19
Q5,Quận 5,2022,9,38,37
Q6,Quận 6,2022,9,38,48
Q7,Quận 7,2022,9,38,69
Q8,Quận 8,2022,9,38,102
TB,Tân Bình,2022,9,38,105
TP,Tân Phú,2022,9,38,97
TD,Thủ Đức,2022,9,38,297
BC,Bình Chánh,2022,9,39,243
BT,Bình Tân,2022,9,39,205
BTH,Bình Thạnh,2022,9,39,93
CG,Cần Giờ,2022,9,39,17
CC,Củ Chi,2022,9,39,137
GV,Gò Vấp,2022,9,39,150
HM,Hóc Môn,2022,9,39,156
NB,Nhà Bè,2022,9,39,42
PN,Phú Nhuận,2022,9,39,24
Q1,Quận 1,2022,9,39,30
Q10,Quận 10,2022,9,39,40
Q11,Quận 11,2022,9,39,38
Q12,Quận 12,2022,9,39,147
Q3,Quận 3,2022,9,39,14
Q4,Quận 4,2022,9,39,42
Q5,Quận 5,2022,9,39,23
Q6,Quận 6,2022,9,39,39
Q7,Quận 7,2022,9,39,79
Q8,Quận 8,2022,9,39,74
TB,Tân Bình,2022,9,39,97
TP,Tân Phú,2022,9,39,102
TD,Thủ Đức,2022,9,39,311
BC,Bình Chánh,2022,10,40,217
BT,Bình Tân,2022,10,40,212
BTH,Bình Thạnh,2022,10,40,96
CG,Cần Giờ,2022,10,40,17
CC,Củ Chi,2022,10,40,124
GV,Gò Vấp,2022,10,40,158
HM,Hóc Môn,2022,10,40,158
NB,Nhà Bè,2022,10,40,47
PN,Phú Nhuận,2022,10,40,27
Q1,Quận 1,2022,10,40,23
Q10,Quận 10,2022,10,40,27
Q11,Quận 11,2022,10,40,41
Q12,Quận 12,2022,10,40,137
Q3,Quận 3,2022,10,40,15
Q4,Quận 4,2022,10,40,41
Q5,Quận 5,2022,10,40,30
Q6,Quận 6,2022,10,40,55
Q7,Quận 7,2022,10,40,61
Q8,Quận 8,2022,10,40,82
TB,Tân Bình,2022,10,40,110
TP,Tân Phú,2022,10,40,84
TD,Thủ Đức,2022,10,40,285
BC,Bình Chánh,2022,10,41,250
BT,Bình Tân,2022,10,41,201
BTH,Bình Thạnh,2022,10,41,103
CG,Cần Giờ,2022,10,41,19
CC,Củ Chi,2022,10,41,118
GV,Gò Vấp,2022,10,41,137
HM,Hóc Môn,2022,10,41,143
NB,Nhà Bè,2022,10,41,43
PN,Phú Nhuận,2022,10,41,16
Q1,Quận 1,2022,10,41,29
Q10,Quận 10,2022,10,41,35
Q11,Quận 11,2022,10,41,34
Q12,Quận 12,2022,10,41,135
Q3,Quận 3,2022,10,41,24
Q4,Quận 4,2022,10,41,38
Q5,Quận 5,2022,10,41,30
Q6,Quận 6,2022,10,41,37
Q7,Quận 7,2022,10,41,62
Q8,Quận 8,2022,10,41,73
TB,Tân Bình,2022,10,41,107
TP,Tân Phú,2022,10,41,93
TD,Thủ Đức,2022,10,41,304
BC,Bình Chánh,2022,10,42,248
BT,Bình Tân,2022,10,42,200
BTH,Bình Thạnh,2022,10,42,106
CG,Cần Giờ,2022,10,42,13
CC,Củ Chi,2022,10,42,114
GV,Gò Vấp,2022,10,42,141
HM,Hóc Môn,2022,10,42,129
NB,Nhà Bè,2022,10,42,48
PN,Phú Nhuận,2022,10,42,19
Q1,Quận 1,2022,10,42,33
Q10,Quận 10,2022,10,42,35
Q11,Quận 11,2022,10,42,43
Q12,Quận 12,2022,10,42,147
Q3,Quận 3,2022,10,42,24
Q4,Quận 4,2022,10,42,25
Q5,Quận 5,2022,10,42,23
Q6,Quận 6,2022,10,42,39
Q7,Quận 7,2022,10,42,73
Q8,Quận 8,2022,10,42,90
TB,Tân Bình,2022,10,42,103
TP,Tân Phú,2022,10,42,110
TD,Thủ Đức,2022,10,42,259
BC,Bình Chánh,2022,10,43,235
BT,Bình Tân,2022,10,43,198
BTH,Bình Thạnh,2022,10,43,79
CG,Cần Giờ,2022,10,43,20
CC,Củ Chi,2022,10,43,117
GV,Gò Vấp,2022,10,43,151
HM,Hóc Môn,2022,10,43,129
NB,Nhà Bè,2022,10,43,47
PN,Phú Nhuận,2022,10,43,25
Q1,Quận 1,2022,10,43,36
Q10,Quận 10,2022,10,43,32
Q11,Quận 11,2022,10,43,37
Q12,Quận 12,2022,10,43,119
Q3,Quận 3,2022,10,43,14
Q4,Quận 4,2022,10,43,32
Q5,Quận 5,2022,10,43,37
Q6,Quận 6,2022,10,43,47
Q7,Quận 7,2022,10,43,68
Q8,Quận 8,2022,10,43,68
TB,Tân Bình,2022,10,43,95
TP,Tân Phú,2022,10,43,81
TD,Thủ Đức,2022,10,43,279
BC,Bình Chánh,2022,10,44,219
BT,Bình Tân,2022,10,44,164
BTH,Bình Thạnh,2022,10,44,86
CG,Cần Giờ,2022,10,44,12
CC,Củ Chi,2022,10,44,119
GV,Gò Vấp,2022,10,44,131
HM,Hóc Môn,2022,10,44,145
NB,Nhà Bè,2022,10,44,38
PN,Phú Nhuận,2022,10,44,14
Q1,Quận 1,2022,10,44,27
Q10,Quận 10,2022,10,44,29
Q11,Quận 11,2022,10,44,30
Q12,Quận 12,2022,10,44,122
Q3,Quận 3,2022,10,44,27
Q4,Quận 4,2022,10,44,33
Q5,Quận 5,2022,10,44,30
Q6,Quận 6,2022,10,44,43
Q7,Quận 7,2022,10,44,57
Q8,Quận 8,2022,10,44,75
TB,Tân Bình,2022,10,44,79
TP,Tân Phú,2022,10,44,89
TD,Thủ Đức,2022,10,44,249
BC,Bình Chánh,2022,11,45,219
BT,Bình Tân,2022,11,45,148
BTH,Bình Thạnh,2022,11,45,111
CG,Cần Giờ,2022,11,45,20
CC,Củ Chi,2022,11,45,108
GV,Gò Vấp,2022,11,45,131
HM,Hóc Môn,2022,11,45,124
NB,Nhà Bè,2022,11,45,53
PN,Phú Nhuận,2022,11,45,26
Q1,Quận 1,2022,11,45,27
Q10,Quận 10,2022,11,45,25
Q11,Quận 11,2022,11,45,34
Q12,Quận 12,2022,11,45,105
Q3,Quận 3,2022,11,45,17
Q4,Quận 4,2022,11,45,33
Q5,Quận 5,2022,11,45,27
Q6,Quận 6,2022,11,45,43
Q7,Quận 7,2022,11,45,57
Q8,Quận 8,2022,11,45,69
TB,Tân Bình,2022,11,45,106
TP,Tân Phú,2022,11,45,82
TD,Thủ Đức,2022,11,45,256
BC,Bình Chánh,2022,11,46,209
BT,Bình Tân,2022,11,46,160
BTH,Bình Thạnh,2022,11,46,87
CG,Cần Giờ,2022,11,46,23
CC,Củ Chi,2022,11,46,90
GV,Gò Vấp,2022,11,46,127
HM,Hóc Môn,2022,11,46,111
NB,Nhà Bè,2022,11,46,45
PN,Phú Nhuận,2022,11,46,21
Q1,Quận 1,2022,11,46,23
Q10,Quận 10,2022,11,46,30
Q11,Quận 11,2022,11,46,31
Q12,Quận 12,2022,11,46,116
Q3,Quận 3,2022,11,46,17
Q4,Quận 4,2022,11,46,23
Q5,Quận 5,2022,11,46,27
Q6,Quận 6,2022,11,46,34
Q7,Quận 7,2022,11,46,55
Q8,Quận 8,2022,11,46,70
TB,Tân Bình,2022,11,46,111
TP,Tân Phú,2022,11,46,81
TD,Thủ Đức,2022,11,46,255
BC,Bình Chánh,2022,11,47,196
BT,Bình Tân,2022,11,47,169
BTH,Bình Thạnh,2022,11,47,84
CG,Cần Giờ,2022,11,47,13
CC,Củ Chi,2022,11,47,77
GV,Gò Vấp,2022,11,47,120
HM,Hóc Môn,2022,11,47,115
NB,Nhà Bè,2022,11,47,44
PN,Phú Nhuận,2022,11,47,18
Q1,Quận 1,2022,11,47,26
Q10,Quận 10,2022,11,47,28
Q11,Quận 11,2022,11,47,29
Q12,Quận 12,2022,11,47,111
Q3,Quận 3,2022,11,47,25
Q4,Quận 4,2022,11,47,29
Q5,Quận 5,2022,11,47,16
Q6,Quận 6,2022,11,47,32
Q7,Quận 7,2022,11,47,73
Q8,Quận 8,2022,11,47,65
TB,Tân Bình,2022,11,47,86
TP,Tân Phú,2022,11,47,76
TD,Thủ Đức,2022,11,47,257
BC,Bình Chánh,2022,11,48,187
BT,Bình Tân,2022,11,48,156
BTH,Bình Thạnh,2022,11,48,92
CG,Cần Giờ,2022,11,48,12
CC,Củ Chi,2022,11,48,106
GV,Gò Vấp,2022,11,48,113
HM,Hóc Môn,2022,11,48,112
NB,Nhà Bè,2022,11,48,47
PN,Phú Nhuận,2022,11,48,20
Q1,Quận 1,2022,11,48,21
Q10,Quận 10,2022,11,48,31
Q11,Quận 11,2022,11,48,32
Q12,Quận 12,2022,11,48,102
Q3,Quận 3,2022,11,48,21
Q4,Quận 4,2022,11,48,32
Q5,Quận 5,2022,11,48,24
Q6,Quận 6,2022,11,48,42
Q7,Quận 7,2022,11,48,43
Q8,Quận 8,2022,11,48,49
TB,Tân Bình,2022,11,48,78
TP,Tân Phú,2022,11,48,75
TD,Thủ Đức,2022,11,48,237
BC,Bình Chánh,2022,12,49,157
BT,Bình Tân,2022,12,49,160
BTH,Bình Thạnh,2022,12,49,60
CG,Cần Giờ,2022,12,49,14
CC,Củ Chi,2022,12,49,83
GV,Gò Vấp,2022,12,49,107
HM,Hóc Môn,2022,12,49,99
NB,Nhà Bè,2022,12,49,36
PN,Phú Nhuận,2022,12,49,15
Q1,Quận 1,2022,12,49,23
Q10,Quận 10,2022,12,49,26
Q11,Quận 11,2022,12,49,19
Q12,Quận 12,2022,12,49,96
Q3,Quận 3,2022,12,49,18
Q4,Quận 4,2022,12,49,20
Q5,Quận 5,2022,12,49,18
Q6,Quận 6,2022,12,49,30
Q7,Quận 7,2022,12,49,56
Q8,Quận 8,2022,12,49,67
TB,Tân Bình,2022,12,49,57
TP,Tân Phú,2022,12,49,82
TD,Thủ Đức,2022,12,49,245
BC,Bình Chánh,2022,12,50,164
BT,Bình Tân,2022,12,50,137
BTH,Bình Thạnh,2022,12,50,74
CG,Cần Giờ,2022,12,50,19
CC,Củ Chi,2022,12,50,86
GV,Gò Vấp,2022,12,50,103
HM,Hóc Môn,2022,12,50,85
NB,Nhà Bè,2022,12,50,40
PN,Phú Nhuận,2022,12,50,18
Q1,Quận 1,2022,12,50,25
Q10,Quận 10,2022,12,50,35
Q11,Quận 11,2022,12,50,24
Q12,Quận 12,2022,12,50,110
Q3,Quận 3,2022,12,50,7
Q4,Quận 4,2022,12,50,38
Q5,Quận 5,2022,12,50,19
Q6,Quận 6,2022,12,50,28
Q7,Quận 7,2022,12,50,49
Q8,Quận 8,2022,12,50,65
TB,Tân Bình,2022,12,50,67
TP,Tân Phú,2022,12,50,73
TD,Thủ Đức,2022,12,50,207
BC,Bình Chánh,2022,12,51,173
BT,Bình Tân,2022,12,51,124
BTH,Bình Thạnh,2022,12,51,81
CG,Cần Giờ,2022,12,51,16
CC,Củ Chi,2022,12,51,92
GV,Gò Vấp,2022,12,51,118
HM,Hóc Môn,2022,12,51,94
NB,Nhà Bè,2022,12,51,30
PN,Phú Nhuận,2022,12,51,13
Q1,Quận 1,2022,12,51,19
Q10,Quận 10,2022,12,51,17
Q11,Quận 11,2022,12,51,27
Q12,Quận 12,2022,12,51,99
Q3,Quận 3,2022,12,51,18
Q4,Quận 4,2022,12,51,29
Q5,Quận 5,2022,12,51,14
Q6,Quận 6,2022,12,51,24
Q7,Quận 7,2022,12,51,56
Q8,Quận 8,2022,12,51,54
TB,Tân Bình,2022,12,51,83
TP,Tân Phú,2022,12,51,84
TD,Thủ Đức,2022,12,51,227
BC,Bình Chánh,2022,12,52,161
BT,Bình Tân,2022,12,52,113
BTH,Bình Thạnh,2022,12,52,66
CG,Cần Giờ,2022,12,52,17
CC,Củ Chi,2022,12,52,102
GV,Gò Vấp,2022,12,52,127
HM,Hóc Môn,2022,12,52,91
NB,Nhà Bè,2022,12,52,32
PN,Phú Nhuận,2022,12,52,17
Q1,Quận 1,2022,12,52,22
Q10,Quận 10,2022,12,52,27
Q11,Quận 11,2022,12,52,24
Q12,Quận 12,2022,12,52,88
Q3,Quận 3,2022,12,52,22
Q4,Quận 4,2022,12,52,24
Q5,Quận 5,2022,12,52,22
Q6,Quận 6,2022,12,52,24
Q7,Quận 7,2022,12,52,51
Q8,Quận 8,2022,12,52,56
TB,Tân Bình,2022,12,52,71
TP,Tân Phú,2022,12,52,54
TD,Thủ Đức,2022,12,52,222
BC,Bình Chánh,2023,1,1,185
BT,Bình Tân,2023,1,1,120
BTH,Bình Thạnh,2023,1,1,79
CG,Cần Giờ,2023,1,1,20
CC,Củ Chi,2023,1,1,117
GV,Gò Vấp,2023,1,1,114
HM,Hóc Môn,2023,1,1,104
NB,Nhà Bè,2023,1,1,31
PN,Phú Nhuận,2023,1,1,21
Q1,Quận 1,2023,1,1,23
Q10,Quận 10,2023,1,1,21
Q11,Quận 11,2023,1,1,32
Q12,Quận 12,2023,1,1,108
Q3,Quận 3,2023,1,1,17
Q4,Quận 4,2023,1,1,36
Q5,Quận 5,2023,1,1,23
Q6,Quận 6,2023,1,1,31
Q7,Quận 7,2023,1,1,59
Q8,Quận 8,2023,1,1,60
TB,Tân Bình,2023,1,1,78
TP,Tân Phú,2023,1,1,65
TD,Thủ Đức,2023,1,1,227
BC,Bình Chánh,2023,1,2,194
BT,Bình Tân,2023,1,2,147
BTH,Bình Thạnh,2023,1,2,96
CG,Cần Giờ,2023,1,2,16
CC,Củ Chi,2023,1,2,101
GV,Gò Vấp,2023,1,2,114
HM,Hóc Môn,2023,1,2,111
NB,Nhà Bè,2023,1,2,33
PN,Phú Nhuận,2023,1,2,14
Q1,Quận 1,2023,1,2,10
Q10,Quận 10,2023,1,2,32
Q11,Quận 11,2023,1,2,41
Q12,Quận 12,2023,1,2,104
Q3,Quận 3,2023,1,2,18
Q4,Quận 4,2023,1,2,23
Q5,Quận 5,2023,1,2,28
Q6,Quận 6,2023,1,2,40
Q7,Quận 7,2023,1,2,54
Q8,Quận 8,2023,1,2,64
TB,Tân Bình,2023,1,2,75
TP,Tân Phú,2023,1,2,69
TD,Thủ Đức,2023,1,2,232
BC,Bình Chánh,2023,1,3,197
BT,Bình Tân,2023,1,3,145
BTH,Bình Thạnh,2023,1,3,89
CG,Cần Giờ,2023,1,3,11
CC,Củ Chi,2023,1,3,94
GV,Gò Vấp,2023,1,3,110
HM,Hóc Môn,2023,1,3,93
NB,Nhà Bè,2023,1,3,43
PN,Phú Nhuận,2023,1,3,31
Q1,Quận 1,2023,1,3,20
Q10,Quận 10,2023,1,3,21
Q11,Quận 11,2023,1,3,24
Q12,Quận 12,2023,1,3,114
Q3,Quận 3,2023,1,3,16
Q4,Quận 4,2023,1,3,24
Q5,Quận 5,2023,1,3,26
Q6,Quận 6,2023,1,3,32
Q7,Quận 7,2023,1,3,60
Q8,Quận 8,2023,1,3,64
TB,Tân Bình,2023,1,3,64
TP,Tân Phú,2023,1,3,83
TD,Thủ Đức,2023,1,3,245
BC,Bình Chánh,2023,1,4,215
BT,Bình Tân,2023,1,4,142
BTH,Bình Thạnh,2023,1,4,76
CG,Cần Giờ,2023,1,4,19
CC,Củ Chi,2023,1,4,93
GV,Gò Vấp,2023,1,4,108
HM,Hóc Môn,2023,1,4,118
NB,Nhà Bè,2023,1,4,47
PN,Phú Nhuận,2023,1,4,25
Q1,Quận 1,2023,1,4,20
Q10,Quận 10,2023,1,4,20
Q11,Quận 11,2023,1,4,36
Q12,Quận 12,2023,1,4,114
Q3,Quận 3,2023,1,4,26
Q4,Quận 4,2023,1,4,25
Q5,Quận 5,2023,1,4,20
Q6,Quận 6,2023,1,4,42
Q7,Quận 7,2023,1,4,53
Q8,Quận 8,2023,1,4,67
TB,Tân Bình,2023,1,4,60
TP,Tân Phú,2023,1,4,83
TD,Thủ Đức,2023,1,4,216
BC,Bình Chánh,2023,1,5,186
BT,Bình Tân,2023,1,5,135
BTH,Bình Thạnh,2023,1,5,71
CG,Cần Giờ,2023,1,5,13
CC,Củ Chi,2023,1,5,98
GV,Gò Vấp,2023,1,5,104
HM,Hóc Môn,2023,1,5,109
NB,Nhà Bè,2023,1,5,53
PN,Phú Nhuận,2023,1,5,20
Q1,Quận 1,2023,1,5,24
Q10,Quận 10,2023,1,5,22
Q11,Quận 11,2023,1,5,31
Q12,Quận 12,2023,1,5,114
Q3,Quận 3,2023,1,5,10
Q4,Quận 4,2023,1,5,24
Q5,Quận 5,2023,1,5,24
Q6,Quận 6,2023,1,5,23
Q7,Quận 7,2023,1,5,70
Q8,Quận 8,2023,1,5,66
TB,Tân Bình,2023,1,5,71
TP,Tân Phú,2023,1,5,84
TD,Thủ Đức,2023,1,5,223
BC,Bình Chánh,2023,2,6,182
BT,Bình Tân,2023,2,6,128
BTH,Bình Thạnh,2023,2,6,69
CG,Cần Giờ,2023,2,6,18
CC,Củ Chi,2023,2,6,91
GV,Gò Vấp,2023,2,6,110
HM,Hóc Môn,2023,2,6,97
NB,Nhà Bè,2023,2,6,38
PN,Phú Nhuận,2023,2,6,19
Q1,Quận 1,2023,2,6,20
Q10,Quận 10,2023,2,6,27
Q11,Quận 11,2023,2,6,32
Q12,Quận 12,2023,2,6,99
Q3,Quận 3,2023,2,6,20
Q4,Quận 4,2023,2,6,24
Q5,Quận 5,2023,2,6,23
Q6,Quận 6,2023,2,6,48
Q7,Quận 7,2023,2,6,47
Q8,Quận 8,2023,2,6,67
TB,Tân Bình,2023,2,6,77
TP,Tân Phú,2023,2,6,80
TD,Thủ Đức,2023,2,6,231
BC,Bình Chánh,2023,2,7,182
BT,Bình Tân,2023,2,7,140
BTH,Bình Thạnh,2023,2,7,68
CG,Cần Giờ,2023,2,7,22
CC,Củ Chi,2023,2,7,87
GV,Gò Vấp,2023,2,7,121
HM,Hóc Môn,2023,2,7,110
NB,Nhà Bè,2023,2,7,46
PN,Phú Nhuận,2023,2,7,20
Q1,Quận 1,2023,2,7,19
Q10,Quận 10,2023,2,7,29
Q11,Quận 11,2023,2,7,25
Q12,Quận 12,2023,2,7,100
Q3,Quận 3,2023,2,7,9
Q4,Quận 4,2023,2,7,31
Q5,Quận 5,2023,2,7,24
Q6,Quận 6,2023,2,7,46
Q7,Quận 7,2023,2,7,48
Q8,Quận 8,2023,2,7,68
TB,Tân Bình,2023,2,7,81
TP,Tân Phú,2023,2,7,75
TD,Thủ Đức,2023,2,7,238
BC,Bình Chánh,2023,2,8,177
BT,Bình Tân,2023,2,8,172
BTH,Bình Thạnh,2023,2,8,91
CG,Cần Giờ,2023,2,8,17
CC,Củ Chi,2023,2,8,100
GV,Gò Vấp,2023,2,8,112
HM,Hóc Môn,2023,2,8,128
NB,Nhà Bè,2023,2,8,50
PN,Phú Nhuận,2023,2,8,17
Q1,Quận 1,2023,2,8,21
Q10,Quận 10,2023,2,8,15
Q11,Quận 11,2023,2,8,39
Q12,Quận 12,2023,2,8,117
Q3,Quận 3,2023,2,8,20
Q4,Quận 4,2023,2,8,21
Q5,Quận 5,2023,2,8,13
Q6,Quận 6,2023,2,8,38
Q7,Quận 7,2023,2,8,63
Q8,Quận 8,2023,2,8,51
TB,Tân Bình,2023,2,8,75
TP,Tân Phú,2023,2,8,79
TD,Thủ Đức,2023,2,8,229
BC,Bình Chánh,2023,2,9,203
BT,Bình Tân,2023,2,9,147
BTH,Bình Thạnh,2023,2,9,104
CG,Cần Giờ,2023,2,9,14
CC,Củ Chi,2023,2,9,80
GV,Gò Vấp,2023,2,9,116
HM,Hóc Môn,2023,2,9,98
NB,Nhà Bè,2023,2,9,47
PN,Phú Nhuận,2023,2,9,23
Q1,Quận 1,2023,2,9,23
Q10,Quận 10,2023,2,9,20
Q11,Quận 11,2023,2,9,24
Q12,Quận 12,2023,2,9,100
Q3,Quận 3,2023,2,9,13
Q4,Quận 4,2023,2,9,31
Q5,Quận 5,2023,2,9,22
Q6,Quận 6,2023,2,9,25
Q7,Quận 7,2023,2,9,49
Q8,Quận 8,2023,2,9,51
TB,Tân Bình,2023,2,9,82
TP,Tân Phú,2023,2,9,72
TD,Thủ Đức,2023,2,9,233
BC,Bình Chánh,2023,3,10,194
BT,Bình Tân,2023,3,10,152
BTH,Bình Thạnh,2023,3,10,85
CG,Cần Giờ,2023,3,10,18
CC,Củ Chi,2023,3,10,96
GV,Gò Vấp,2023,3,10,130
HM,Hóc Môn,2023,3,10,111
NB,Nhà Bè,2023,3,10,46
PN,Phú Nhuận,2023,3,10,16
Q1,Quận 1,2023,3,10,27
Q10,Quận 10,2023,3,10,24
Q11,Quận 11,2023,3,10,25
Q12,Quận 12,2023,3,10,107
Q3,Quận 3,2023,3,10,22
Q4,Quận 4,2023,3,10,27
Q5,Quận 5,2023,3,10,24
Q6,Quận 6,2023,3,10,31
Q7,Quận 7,2023,3,10,61
Q8,Quận 8,2023,3,10,73
TB,Tân Bình,2023,3,10,77
TP,Tân Phú,2023,3,10,78
TD,Thủ Đức,2023,3,10,258
BC,Bình Chánh,2023,3,11,190
BT,Bình Tân,2023,3,11,153
BTH,Bình Thạnh,2023,3,11,99
CG,Cần Giờ,2023,3,11,15
CC,Củ Chi,2023,3,11,126
GV,Gò Vấp,2023,3,11,122
HM,Hóc Môn,2023,3,11,107
NB,Nhà Bè,2023,3,11,45
PN,Phú Nhuận,2023,3,11,14
Q1,Quận 1,2023,3,11,22
Q10,Quận 10,2023,3,11,24
Q11,Quận 11,2023,3,11,34
Q12,Quận 12,2023,3,11,117
Q3,Quận 3,2023,3,11,14
Q4,Quận 4,2023,3,11,28
Q5,Quận 5,2023,3,11,23
Q6,Quận 6,2023,3,11,41
Q7,Quận 7,2023,3,11,63
Q8,Quận 8,2023,3,11,72
TB,Tân Bình,2023,3,11,71
TP,Tân Phú,2023,3,11,84
TD,Thủ Đức,2023,3,11,225
BC,Bình Chánh,2023,3,12,214
BT,Bình Tân,2023,3,12,179
BTH,Bình Thạnh,2023,3,12,88
CG,Cần Giờ,2023,3,12,22
CC,Củ Chi,2023,3,12,102
GV,Gò Vấp,2023,3,12,117
HM,Hóc Môn,2023,3,12,105
NB,Nhà Bè,2023,3,12,41
PN,Phú Nhuận,2023,3,12,14
Q1,Quận 1,2023,3,12,32
Q10,Quận 10,2023,3,12,21
Q11,Quận 11,2023,3,12,34
Q12,Quận 12,2023,3,12,123
Q3,Quận 3,2023,3,12,22
Q4,Quận 4,2023,3,12,32
Q5,Quận 5,2023,3,12,32
Q6,Quận 6,2023,3,12,33
Q7,Quận 7,2023,3,12,49
Q8,Quận 8,2023,3,12,58
TB,Tân Bình,2023,3,12,77
TP,Tân Phú,2023,3,12,91
TD,Thủ Đức,2023,3,12,257
BC,Bình Chánh,2023,3,13,174
BT,Bình Tân,2023,3,13,156
BTH,Bình Thạnh,2023,3,13,79
CG,Cần Giờ,2023,3,13,14
CC,Củ Chi,2023,3,13,113
GV,Gò Vấp,2023,3,13,111
HM,Hóc Môn,2023,3,13,93
NB,Nhà Bè,2023,3,13,51
PN,Phú Nhuận,2023,3,13,15
Q1,Quận 1,2023,3,13,23
Q10,Quận 10,2023,3,13,32
Q11,Quận 11,2023,3,13,28
Q12,Quận 12,2023,3,13,105
Q3,Quận 3,2023,3,13,22
Q4,Quận 4,2023,3,13,33
Q5,Quận 5,2023,3,13,28
Q6,Quận 6,2023,3,13,38
Q7,Quận 7,2023,3,13,68
Q8,Quận 8,2023,3,13,73
TB,Tân Bình,2023,3,13,91
TP,Tân Phú,2023,3,13,75
TD,Thủ Đức,2023,3,13,277
BC,Bình Chánh,2023,4,14,193
BT,Bình Tân,2023,4,14,177
BTH,Bình Thạnh,2023,4,14,91
CG,Cần Giờ,2023,4,14,16
CC,Củ Chi,2023,4,14,106
GV,Gò Vấp,2023,4,14,145
HM,Hóc Môn,2023,4,14,116
NB,Nhà Bè,2023,4,14,50
PN,Phú Nhuận,2023,4,14,16
Q1,Quận 1,2023,4,14,27
Q10,Quận 10,2023,4,14,22
Q11,Quận 11,2023,4,14,31
Q12,Quận 12,2023,4,14,128
Q3,Quận 3,2023,4,14,20
Q4,Quận 4,2023,4,14,43
Q5,Quận 5,2023,4,14,23
Q6,Quận 6,2023,4,14,30
Q7,Quận 7,2023,4,14,54
Q8,Quận 8,2023,4,14,69
TB,Tân Bình,2023,4,14,82
TP,Tân Phú,2023,4,14,69
TD,Thủ Đức,2023,4,14,274
BC,Bình Chánh,2023,4,15,210
BT,Bình Tân,2023,4,15,155
BTH,Bình Thạnh,2023,4,15,84
CG,Cần Giờ,2023,4,15,23
CC,Củ Chi,2023,4,15,115
GV,Gò Vấp,2023,4,15,119
HM,Hóc Môn,2023,4,15,100
NB,Nhà Bè,2023,4,15,34
PN,Phú Nhuận,2023,4,15,15
Q1,Quận 1,2023,4,15,22
Q10,Quận 10,2023,4,15,22
Q11,Quận 11,2023,4,15,28
Q12,Quận 12,2023,4,15,112
Q3,Quận 3,2023,4,15,15
Q4,Quận 4,2023,4,15,26
Q5,Quận 5,2023,4,15,26
Q6,Quận 6,2023,4,15,33
Q7,Quận 7,2023,4,15,51
Q8,Quận 8,2023,4,15,79
TB,Tân Bình,2023,4,15,72
TP,Tân Phú,2023,4,15,80
TD,Thủ Đức,2023,4,15,273
BC,Bình Chánh,2023,4,16,212
BT,Bình Tân,2023,4,16,155
BTH,Bình Thạnh,2023,4,16,85
CG,Cần Giờ,2023,4,16,10
CC,Củ Chi,2023,4,16,99
GV,Gò Vấp,2023,4,16,104
HM,Hóc Môn,2023,4,16,119
NB,Nhà Bè,2023,4,16,50
PN,Phú Nhuận,2023,4,16,17
Q1,Quận 1,2023,4,16,34
Q10,Quận 10,2023,4,16,23
Q11,Quận 11,2023,4,16,37
Q12,Quận 12,2023,4,16,120
Q3,Quận 3,2023,4,16,18
Q4,Quận 4,2023,4,16,29
Q5,Quận 5,2023,4,16,23
Q6,Quận 6,2023,4,16,31
Q7,Quận 7,2023,4,16,79
Q8,Quận 8,2023,4,16,72
TB,Tân Bình,2023,4,16,90
TP,Tân Phú,2023,4,16,80
TD,Thủ Đức,2023,4,16,257
BC,Bình Chánh,2023,4,17,195
BT,Bình Tân,2023,4,17,162
BTH,Bình Thạnh,2023,4,17,86
CG,Cần Giờ,2023,4,17,23
CC,Củ Chi,2023,4,17,110
GV,Gò Vấp,2023,4,17,126
HM,Hóc Môn,2023,4,17,119
NB,Nhà Bè,2023,4,17,51
PN,Phú Nhuận,2023,4,17,25
Q1,Quận 1,2023,4,17,30
Q10,Quận 10,2023,4,17,25
Q11,Quận 11,2023,4,17,39
Q12,Quận 12,2023,4,17,132
Q3,Quận 3,2023,4,17,20
Q4,Quận 4,2023,4,17,22
Q5,Quận 5,2023,4,17,33
Q6,Quận 6,2023,4,17,36
Q7,Quận 7,2023,4,17,62
Q8,Quận 8,2023,4,17,79
TB,Tân Bình,2023,4,17,92
TP,Tân Phú,2023,4,17,98
TD,Thủ Đức,2023,4,17,287
BC,Bình Chánh,2023,4,18,212
BT,Bình Tân,2023,4,18,184
BTH,Bình Thạnh,2023,4,18,97
CG,Cần Giờ,2023,4,18,9
CC,Củ Chi,2023,4,18,112
GV,Gò Vấp,2023,4,18,147
HM,Hóc Môn,2023,4,18,118
NB,Nhà Bè,2023,4,18,56
PN,Phú Nhuận,2023,4,18,22
Q1,Quận 1,2023,4,18,22
Q10,Quận 10,2023,4,18,35
Q11,Quận 11,2023,4,18,39
Q12,Quận 12,2023,4,18,137
Q3,Quận 3,2023,4,18,23
Q4,Quận 4,2023,4,18,43
Q5,Quận 5,2023,4,18,16
Q6,Quận 6,2023,4,18,49
Q7,Quận 7,2023,4,18,72
Q8,Quận 8,2023,4,18,70
TB,Tân Bình,2023,4,18,113
TP,Tân Phú,2023,4,18,95
TD,Thủ Đức,2023,4,18,268
BC,Bình Chánh,2023,5,19,237
BT,Bình Tân,2023,5,19,194
BTH,Bình Thạnh,2023,5,19,95
CG,Cần Giờ,2023,5,19,18
CC,Củ Chi,2023,5,19,109
GV,Gò Vấp,2023,5,19,161
HM,Hóc Môn,2023,5,19,126
NB,Nhà Bè,2023,5,19,38
PN,Phú Nhuận,2023,5,19,16
Q1,Quận 1,2023,5,19,28
Q10,Quận 10,2023,5,19,26
Q11,Quận 11,2023,5,19,39
Q12,Quận 12,2023,5,19,140
Q3,Quận 3,2023,5,19,25
Q4,Quận 4,2023,5,19,36
Q5,Quận 5,2023,5,19,25
Q6,Quận 6,2023,5,19,52
Q7,Quận 7,2023,5,19,62
Q8,Quận 8,2023,5,19,70
TB,Tân Bình,2023,5,19,87
TP,Tân Phú,2023,5,19,93
TD,Thủ Đức,2023,5,19,262
BC,Bình Chánh,2023,5,20,234
BT,Bình Tân,2023,5,20,191
BTH,Bình Thạnh,2023,5,20,106
CG,Cần Giờ,2023,5,20,14
CC,Củ Chi,2023,5,20,119
GV,Gò Vấp,2023,5,20,137
HM,Hóc Môn,2023,5,20,140
NB,Nhà Bè,2023,5,20,62
PN,Phú Nhuận,2023,5,20,24
Q1,Quận 1,2023,5,20,28
Q10,Quận 10,2023,5,20,37
Q11,Quận 11,2023,5,20,38
Q12,Quận 12,2023,5,20,124
Q3,Quận 3,2023,5,20,23
Q4,Quận 4,2023,5,20,35
Q5,Quận 5,2023,5,20,21
Q6,Quận 6,2023,5,20,40
Q7,Quận 7,2023,5,20,67
Q8,Quận 8,2023,5,20,59
TB,Tân Bình,2023,5,20,106
TP,Tân Phú,2023,5,20,90
TD,Thủ Đức,2023,5,20,281
BC,Bình Chánh,2023,5,21,235
BT,Bình Tân,2023,5,21,213
BTH,Bình Thạnh,2023,5,21,102
CG,Cần Giờ,2023,5,21,25
CC,Củ Chi,2023,5,21,111
GV,Gò Vấp,2023,5,21,146
HM,Hóc Môn,2023,5,21,153
NB,Nhà Bè,2023,5,21,53
PN,Phú Nhuận,2023,5,21,28
Q1,Quận 1,2023,5,21,30
Q10,Quận 10,2023,5,21,44
Q11,Quận 11,2023,5,21,50
Q12,Quận 12,2023,5,21,141
Q3,Quận 3,2023,5,21,22
Q4,Quận 4,2023,5,21,29
Q5,Quận 5,2023,5,21,31
Q6,Quận 6,2023,5,21,44
Q7,Quận 7,2023,5,21,74
Q8,Quận 8,2023,5,21,85
TB,Tân Bình,2023,5,21,100
TP,Tân Phú,2023,5,21,99
TD,Thủ Đức,2023,5,21,322
BC,Bình Chánh,2023,5,22,244
BT,Bình Tân,2023,5,22,184
BTH,Bình Thạnh,2023,5,22,108
CG,Cần Giờ,2023,5,22,23
CC,Củ Chi,2023,5,22,123
GV,Gò Vấp,2023,5,22,138
HM,Hóc Môn,2023,5,22,114
NB,Nhà Bè,2023,5,22,59
PN,Phú Nhuận,2023,5,22,24
Q1,Quận 1,2023,5,22,45
Q10,Quận 10,2023,5,22,44
Q11,Quận 11,2023,5,22,42
Q12,Quận 12,2023,5,22,154
Q3,Quận 3,2023,5,22,26
Q4,Quận 4,2023,5,22,41
Q5,Quận 5,2023,5,22,29
Q6,Quận 6,2023,5,22,46
Q7,Quận 7,2023,5,22,88
Q8,Quận 8,2023,5,22,95
TB,Tân Bình,2023,5,22,108
TP,Tân Phú,2023,5,22,107
TD,Thủ Đức,2023,5,22,269
BC,Bình Chánh,2023,6,23,269
BT,Bình Tân,2023,6,23,219
BTH,Bình Thạnh,2023,6,23,137
CG,Cần Giờ,2023,6,23,26
CC,Củ Chi,2023,6,23,134
GV,Gò Vấp,2023,6,23,165
HM,Hóc Môn,2023,6,23,174
NB,Nhà Bè,2023,6,23,63
PN,Phú Nhuận,2023,6,23,21
Q1,Quận 1,2023,6,23,31
Q10,Quận 10,2023,6,23,29
Q11,Quận 11,2023,6,23,30
Q12,Quận 12,2023,6,23,131
Q3,Quận 3,2023,6,23,27
Q4,Quận 4,2023,6,23,31
Q5,Quận 5,2023,6,23,48
Q6,Quận 6,2023,6,23,43
Q7,Quận 7,2023,6,23,92
Q8,Quận 8,2023,6,23,66
TB,Tân Bình,2023,6,23,114
TP,Tân Phú,2023,6,23,103
TD,Thủ Đức,2023,6,23,331
BC,Bình Chánh,2023,6,24,256
BT,Bình Tân,2023,6,24,209
BTH,Bình Thạnh,2023,6,24,114
CG,Cần Giờ,2023,6,24,12
CC,Củ Chi,2023,6,24,148
GV,Gò Vấp,2023,6,24,152
HM,Hóc Môn,2023,6,24,135
NB,Nhà Bè,2023,6,24,58
PN,Phú Nhuận,2023,6,24,17
Q1,Quận 1,2023,6,24,38
Q10,Quận 10,2023,6,24,36
Q11,Quận 11,2023,6,24,39
Q12,Quận 12,2023,6,24,156
Q3,Quận 3,2023,6,24,26
Q4,Quận 4,2023,6,24,45
Q5,Quận 5,2023,6,24,24
Q6,Quận 6,2023,6,24,48
Q7,Quận 7,2023,6,24,84
Q8,Quận 8,2023,6,24,96
TB,Tân Bình,2023,6,24,120
TP,Tân Phú,2023,6,24,106
TD,Thủ Đức,2023,6,24,333
BC,Bình Chánh,2023,6,25,285
BT,Bình Tân,2023,6,25,235
BTH,Bình Thạnh,2023,6,25,119
CG,Cần Giờ,2023,6,25,27
CC,Củ Chi,2023,6,25,146
GV,Gò Vấp,2023,6,25,175
HM,Hóc Môn,2023,6,25,176
NB,Nhà Bè,2023,6,25,63
PN,Phú Nhuận,2023,6,25,25
Q1,Quận 1,2023,6,25,32
Q10,Quận 10,2023,6,25,45
Q11,Quận 11,2023,6,25,56
Q12,Quận 12,2023,6,25,174
Q3,Quận 3,2023,6,25,31
Q4,Quận 4,2023,6,25,47
Q5,Quận 5,2023,6,25,28
Q6,Quận 6,2023,6,25,58
Q7,Quận 7,2023,6,25,93
Q8,Quận 8,2023,6,25,98
TB,Tân Bình,2023,6,25,114
TP,Tân Phú,2023,6,25,119
TD,Thủ Đức,2023,6,25,360
BC,Bình Chánh,2023,6,26,283
BT,Bình Tân,2023,6,26,248
BTH,Bình Thạnh,2023,6,26,133
CG,Cần Giờ,2023,6,26,26
CC,Củ Chi,2023,6,26,134
GV,Gò Vấp,2023,6,26,158
HM,Hóc Môn,2023,6,26,181
NB,Nhà Bè,2023,6,26,72
PN,Phú Nhuận,2023,6,26,27
Q1,Quận 1,2023,6,26,33
Q10,Quận 10,2023,6,26,34
Q11,Quận 11,2023,6,26,48
Q12,Quận 12,2023,6,26,167
Q3,Quận 3,2023,6,26,24
Q4,Quận 4,2023,6,26,60
Q5,Quận 5,2023,6,26,41
Q6,Quận 6,2023,6,26,56
Q7,Quận 7,2023,6,26,67
Q8,Quận 8,2023,6,26,99
TB,Tân Bình,2023,6,26,142
TP,Tân Phú,2023,6,26,107
TD,Thủ Đức,2023,6,26,350
BC,Bình Chánh,2023,7,27,306
BT,Bình Tân,2023,7,27,257
BTH,Bình Thạnh,2023,7,27,124
CG,Cần Giờ,2023,7,27,21
CC,Củ Chi,2023,7,27,155
GV,Gò Vấp,2023,7,27,184
HM,Hóc Môn,2023,7,27,180
NB,Nhà Bè,2023,7,27,72
PN,Phú Nhuận,2023,7,27,25
Q1,Quận 1,2023,7,27,28
Q10,Quận 10,2023,7,27,51
Q11,Quận 11,2023,7,27,36
Q12,Quận 12,2023,7,27,180
Q3,Quận 3,2023,7,27,21
Q4,Quận 4,2023,7,27,48
Q5,Quận 5,2023,7,27,30
Q6,Quận 6,2023,7,27,57
Q7,Quận 7,2023,7,27,110
Q8,Quận 8,2023,7,27,100
TB,Tân Bình,2023,7,27,129
TP,Tân Phú,2023,7,27,128
TD,Thủ Đức,2023,7,27,358
BC,Bình Chánh,2023,7,28,295
BT,Bình Tân,2023,7,28,247
BTH,Bình Thạnh,2023,7,28,137
CG,Cần Giờ,2023,7,28,23
CC,Củ Chi,2023,7,28,150
GV,Gò Vấp,2023,7,28,193
HM,Hóc Môn,2023,7,28,159
NB,Nhà Bè,2023,7,28,59
PN,Phú Nhuận,2023,7,28,32
Q1,Quận 1,2023,7,28,38
Q10,Quận 10,2023,7,28,44
Q11,Quận 11,2023,7,28,47
Q12,Quận 12,2023,7,28,192
Q3,Quận 3,2023,7,28,22
Q4,Quận 4,2023,7,28,35
Q5,Quận 5,2023,7,28,37
Q6,Quận 6,2023,7,28,45
Q7,Quận 7,2023,7,28,76
Q8,Quận 8,2023,7,28,104
TB,Tân Bình,2023,7,28,136
TP,Tân Phú,2023,7,28,100
TD,Thủ Đức,2023,7,28,395
BC,Bình Chánh,2023,7,29,302
BT,Bình Tân,2023,7,29,280
BTH,Bình Thạnh,2023,7,29,141
CG,Cần Giờ,2023,7,29,24
CC,Củ Chi,2023,7,29,157
GV,Gò Vấp,2023,7,29,199
HM,Hóc Môn,2023,7,29,175
NB,Nhà Bè,2023,7,29,55
PN,Phú Nhuận,2023,7,29,33
Q1,Quận 1,2023,7,29,43
Q10,Quận 10,2023,7,29,48
Q11,Quận 11,2023,7,29,47
Q12,Quận 12,2023,7,29,170
Q3,Quận 3,2023,7,29,28
Q4,Quận 4,2023,7,29,43
Q5,Quận 5,2023,7,29,29
Q6,Quận 6,2023,7,29,56
Q7,Quận 7,2023,7,29,79
Q8,Quận 8,2023,7,29,103
TB,Tân Bình,2023,7,29,140
TP,Tân Phú,2023,7,29,136
TD,Thủ Đức,2023,7,29,403
BC,Bình Chánh,2023,7,30,299
BT,Bình Tân,2023,7,30,267
BTH,Bình Thạnh,2023,7,30,138
CG,Cần Giờ,2023,7,30,20
CC,Củ Chi,2023,7,30,147
GV,Gò Vấp,2023,7,30,182
HM,Hóc Môn,2023,7,30,187
NB,Nhà Bè,2023,7,30,85
PN,Phú Nhuận,2023,7,30,28
Q1,Quận 1,2023,7,30,41
Q10,Quận 10,2023,7,30,45
Q11,Quận 11,2023,7,30,48
Q12,Quận 12,2023,7,30,168
Q3,Quận 3,2023,7,30,29
Q4,Quận 4,2023,7,30,53
Q5,Quận 5,2023,7,30,44
Q6,Quận 6,2023,7,30,60
Q7,Quận 7,2023,7,30,105
Q8,Quận 8,2023,7,30,101
TB,Tân Bình,2023,7,30,122
TP,Tân Phú,2023,7,30,171
TD,Thủ Đức,2023,7,30,417
BC,Bình Chánh,2023,7,31,321
BT,Bình Tân,2023,7,31,271
BTH,Bình Thạnh,2023,7,31,150
CG,Cần Giờ,2023,7,31,19
CC,Củ Chi,2023,7,31,156
GV,Gò Vấp,2023,7,31,197
HM,Hóc Môn,2023,7,31,184
NB,Nhà Bè,2023,7,31,78
PN,Phú Nhuận,2023,7,31,29
Q1,Quận 1,2023,7,31,40
Q10,Quận 10,2023,7,31,46
Q11,Quận 11,2023,7,31,58
Q12,Quận 12,2023,7,31,203
Q3,Quận 3,2023,7,31,36
Q4,Quận 4,2023,7,31,46
Q5,Quận 5,2023,7,31,38
Q6,Quận 6,2023,7,31,55
Q7,Quận 7,2023,7,31,98
Q8,Quận 8,2023,7,31,88
TB,Tân Bình,2023,7,31,150
TP,Tân Phú,2023,7,31,127
TD,Thủ Đức,2023,7,31,377
BC,Bình Chánh,2023,8,32,311
BT,Bình Tân,2023,8,32,256
BTH,Bình Thạnh,2023,8,32,119
CG,Cần Giờ,2023,8,32,28
CC,Củ Chi,2023,8,32,163
GV,Gò Vấp,2023,8,32,185
HM,Hóc Môn,2023,8,32,164
NB,Nhà Bè,2023,8,32,79
PN,Phú Nhuận,2023,8,32,39
Q1,Quận 1,2023,8,32,58
Q10,Quận 10,2023,8,32,35
Q11,Quận 11,2023,8,32,45
Q12,Quận 12,2023,8,32,198
Q3,Quận 3,2023,8,32,43
Q4,Quận 4,2023,8,32,44
Q5,Quận 5,2023,8,32,31
Q6,Quận 6,2023,8,32,52
Q7,Quận 7,2023,8,32,90
Q8,Quận 8,2023,8,32,135
TB,Tân Bình,2023,8,32,139
TP,Tân Phú,2023,8,32,119
TD,Thủ Đức,2023,8,32,428
BC,Bình Chánh,2023,8,33,330
BT,Bình Tân,2023,8,33,271
BTH,Bình Thạnh,2023,8,33,142
CG,Cần Giờ,2023,8,33,30
CC,Củ Chi,2023,8,33,162
GV,Gò Vấp,2023,8,33,193
HM,Hóc Môn,2023,8,33,179
NB,Nhà Bè,2023,8,33,82
PN,Phú Nhuận,2023,8,33,31
Q1,Quận 1,2023,8,33,30
Q10,Quận 10,2023,8,33,43
Q11,Quận 11,2023,8,33,46
Q12,Quận 12,2023,8,33,190
Q3,Quận 3,2023,8,33,26
Q4,Quận 4,2023,8,33,46
Q5,Quận 5,2023,8,33,37
Q6,Quận 6,2023,8,33,72
Q7,Quận 7,2023,8,33,111
Q8,Quận 8,2023,8,33,119
TB,Tân Bình,2023,8,33,142
TP,Tân Phú,2023,8,33,138
TD,Thủ Đức,2023,8,33,434
BC,Bình Chánh,2023,8,34,314
BT,Bình Tân,2023,8,34,261
BTH,Bình Thạnh,2023,8,34,155
CG,Cần Giờ,2023,8,34,27
CC,Củ Chi,2023,8,34,174
GV,Gò Vấp,2023,8,34,190
HM,Hóc Môn,2023,8,34,197
NB,Nhà Bè,2023,8,34,70
PN,Phú Nhuận,2023,8,34,37
Q1,Quận 1,2023,8,34,38
Q10,Quận 10,2023,8,34,47
Q11,Quận 11,2023,8,34,58
Q12,Quận 12,2023,8,34,195
Q3,Quận 3,2023,8,34,28
Q4,Quận 4,2023,8,34,52
Q5,Quận 5,2023,8,34,35
Q6,Quận 6,2023,8,34,64
Q7,Quận 7,2023,8,34,106
Q8,Quận 8,2023,8,34,116
TB,Tân Bình,2023,8,34,133
TP,Tân Phú,2023,8,34,123
TD,Thủ Đức,2023,8,34,429
BC,Bình Chánh,2023,8,35,339
BT,Bình Tân,2023,8,35,261
BTH,Bình Thạnh,2023,8,35,165
CG,Cần Giờ,2023,8,35,36
CC,Củ Chi,2023,8,35,184
GV,Gò Vấp,2023,8,35,209
HM,Hóc Môn,2023,8,35,186
NB,Nhà Bè,2023,8,35,71
PN,Phú Nhuận,2023,8,35,33
Q1,Quận 1,2023,8,35,41
Q10,Quận 10,2023,8,35,35
Q11,Quận 11,2023,8,35,45
Q12,Quận 12,2023,8,35,183
Q3,Quận 3,2023,8,35,30
Q4,Quận 4,2023,8,35,53
Q5,Quận 5,2023,8,35,51
Q6,Quận 6,2023,8,35,55
Q7,Quận 7,2023,8,35,98
Q8,Quận 8,2023,8,35,119
TB,Tân Bình,2023,8,35,154
TP,Tân Phú,2023,8,35,159
TD,Thủ Đức,2023,8,35,410
BC,Bình Chánh,2023,9,36,323
BT,Bình Tân,2023,9,36,256
BTH,Bình Thạnh,2023,9,36,149
CG,Cần Giờ,2023,9,36,24
CC,Củ Chi,2023,9,36,181
GV,Gò Vấp,2023,9,36,202
HM,Hóc Môn,2023,9,36,222
NB,Nhà Bè,2023,9,36,86
PN,Phú Nhuận,2023,9,36,30
Q1,Quận 1,2023,9,36,46
Q10,Quận 10,2023,9,36,48
Q11,Quận 11,2023,9,36,53
Q12,Quận 12,2023,9,36,192
Q3,Quận 3,2023,9,36,36
Q4,Quận 4,2023,9,36,48
Q5,Quận 5,2023,9,36,33
Q6,Quận 6,2023,9,36,77
Q7,Quận 7,2023,9,36,111
Q8,Quận 8,2023,9,36,139
TB,Tân Bình,2023,9,36,140
TP,Tân Phú,2023,9,36,141
TD,Thủ Đức,2023,9,36,410
BC,Bình Chánh,2023,9,37,353
BT,Bình Tân,2023,9,37,265
BTH,Bình Thạnh,2023,9,37,163
CG,Cần Giờ,2023,9,37,22
CC,Củ Chi,2023,9,37,197
GV,Gò Vấp,2023,9,37,197
HM,Hóc Môn,2023,9,37,200
NB,Nhà Bè,2023,9,37,65
PN,Phú Nhuận,2023,9,37,29
Q1,Quận 1,2023,9,37,47
Q10,Quận 10,2023,9,37,60
Q11,Quận 11,2023,9,37,62
Q12,Quận 12,2023,9,37,202
Q3,Quận 3,2023,9,37,35
Q4,Quận 4,2023,9,37,59
Q5,Quận 5,2023,9,37,38
Q6,Quận 6,2023,9,37,61
Q7,Quận 7,2023,9,37,110
Q8,Quận 8,2023,9,37,102
TB,Tân Bình,2023,9,37,145
TP,Tân Phú,2023,9,37,140
TD,Thủ Đức,2023,9,37,445
BC,Bình Chánh,2023,9,38,304
BT,Bình Tân,2023,9,38,280
BTH,Bình Thạnh,2023,9,38,141
CG,Cần Giờ,2023,9,38,32
CC,Củ Chi,2023,9,38,164
GV,Gò Vấp,2023,9,38,210
HM,Hóc Môn,2023,9,38,182
NB,Nhà Bè,2023,9,38,95
PN,Phú Nhuận,2023,9,38,36
Q1,Quận 1,2023,9,38,34
Q10,Quận 10,2023,9,38,43
Q11,Quận 11,2023,9,38,49
Q12,Quận 12,2023,9,38,189
Q3,Quận 3,2023,9,38,31
Q4,Quận 4,2023,9,38,43
Q5,Quận 5,2023,9,38,41
Q6,Quận 6,2023,9,38,61
Q7,Quận 7,2023,9,38,106
Q8,Quận 8,2023,9,38,123
TB,Tân Bình,2023,9,38,140
TP,Tân Phú,2023,9,38,131
TD,Thủ Đức,2023,9,38,419
BC,Bình Chánh,2023,9,39,323
BT,Bình Tân,2023,9,39,260
BTH,Bình Thạnh,2023,9,39,133
CG,Cần Giờ,2023,9,39,23
CC,Củ Chi,2023,9,39,186
GV,Gò Vấp,2023,9,39,209
HM,Hóc Môn,2023,9,39,170
NB,Nhà Bè,2023,9,39,74
PN,Phú Nhuận,2023,9,39,31
Q1,Quận 1,2023,9,39,39
Q10,Quận 10,2023,9,39,49
Q11,Quận 11,2023,9,39,45
Q12,Quận 12,2023,9,39,175
Q3,Quận 3,2023,9,39,29
Q4,Quận 4,2023,9,39,45
Q5,Quận 5,2023,9,39,41
Q6,Quận 6,2023,9,39,68
Q7,Quận 7,2023,9,39,108
Q8,Quận 8,2023,9,39,116
TB,Tân Bình,2023,9,39,131
TP,Tân Phú,2023,9,39,132
TD,Thủ Đức,2023,9,39,396
BC,Bình Chánh,2023,10,40,286
BT,Bình Tân,2023,10,40,265
BTH,Bình Thạnh,2023,10,40,138
CG,Cần Giờ,2023,10,40,27
CC,Củ Chi,2023,10,40,136
GV,Gò Vấp,2023,10,40,187
HM,Hóc Môn,2023,10,40,170
NB,Nhà Bè,2023,10,40,62
PN,Phú Nhuận,2023,10,40,23
Q1,Quận 1,2023,10,40,51
Q10,Quận 10,2023,10,40,51
Q11,Quận 11,2023,10,40,45
Q12,Quận 12,2023,10,40,170
Q3,Quận 3,2023,10,40,39
Q4,Quận 4,2023,10,40,57
Q5,Quận 5,2023,10,40,33
Q6,Quận 6,2023,10,40,58
Q7,Quận 7,2023,10,40,95
Q8,Quận 8,2023,10,40,114
TB,Tân Bình,2023,10,40,131
TP,Tân Phú,2023,10,40,146
TD,Thủ Đức,2023,10,40,412
BC,Bình Chánh,2023,10,41,315
BT,Bình Tân,2023,10,41,251
BTH,Bình Thạnh,2023,10,41,108
CG,Cần Giờ,2023,10,41,24
CC,Củ Chi,2023,10,41,145
GV,Gò Vấp,2023,10,41,221
HM,Hóc Môn,2023,10,41,192
NB,Nhà Bè,2023,10,41,80
PN,Phú Nhuận,2023,10,41,32
Q1,Quận 1,2023,10,41,50
Q10,Quận 10,2023,10,41,45
Q11,Quận 11,2023,10,41,36
Q12,Quận 12,2023,10,41,173
Q3,Quận 3,2023,10,41,27
Q4,Quận 4,2023,10,41,48
Q5,Quận 5,2023,10,41,34
Q6,Quận 6,2023,10,41,52
Q7,Quận 7,2023,10,41,86
Q8,Quận 8,2023,10,41,108
TB,Tân Bình,2023,10,41,130
TP,Tân Phú,2023,10,41,121
TD,Thủ Đức,2023,10,41,414
BC,Bình Chánh,2023,10,42,279
BT,Bình Tân,2023,10,42,242
BTH,Bình Thạnh,2023,10,42,128
CG,Cần Giờ,2023,10,42,27
CC,Củ Chi,2023,10,42,150
GV,Gò Vấp,2023,10,42,169
HM,Hóc Môn,2023,10,42,155
NB,Nhà Bè,2023,10,42,59
PN,Phú Nhuận,2023,10,42,38
Q1,Quận 1,2023,10,42,56
Q10,Quận 10,2023,10,42,46
Q11,Quận 11,2023,10,42,58
Q12,Quận 12,2023,10,42,177
Q3,Quận 3,2023,10,42,26
Q4,Quận 4,2023,10,42,50
Q5,Quận 5,2023,10,42,37
Q6,Quận 6,2023,10,42,40
Q7,Quận 7,2023,10,42,89
Q8,Quận 8,2023,10,42,100
TB,Tân Bình,2023,10,42,161
TP,Tân Phú,2023,10,42,128
TD,Thủ Đức,2023,10,42,416
BC,Bình Chánh,2023,10,43,309
BT,Bình Tân,2023,10,43,235
BTH,Bình Thạnh,2023,10,43,144
CG,Cần Giờ,2023,10,43,27
CC,Củ Chi,2023,10,43,161
GV,Gò Vấp,2023,10,43,176
HM,Hóc Môn,2023,10,43,167
NB,Nhà Bè,2023,10,43,67
PN,Phú Nhuận,2023,10,43,26
Q1,Quận 1,2023,10,43,31
Q10,Quận 10,2023,10,43,41
Q11,Quận 11,2023,10,43,42
Q12,Quận 12,2023,10,43,170
Q3,Quận 3,2023,10,43,41
Q4,Quận 4,2023,10,43,43
Q5,Quận 5,2023,10,43,35
Q6,Quận 6,2023,10,43,50
Q7,Quận 7,2023,10,43,74
Q8,Quận 8,2023,10,43,104
TB,Tân Bình,2023,10,43,129
TP,Tân Phú,2023,10,43,132
TD,Thủ Đức,2023,10,43,387
BC,Bình Chánh,2023,10,44,278
BT,Bình Tân,2023,10,44,214
BTH,Bình Thạnh,2023,10,44,138
CG,Cần Giờ,2023,10,44,22
CC,Củ Chi,2023,10,44,159
GV,Gò Vấp,2023,10,44,192
HM,Hóc Môn,2023,10,44,177
NB,Nhà Bè,2023,10,44,58
PN,Phú Nhuận,2023,10,44,21
Q1,Quận 1,2023,10,44,37
Q10,Quận 10,2023,10,44,33
Q11,Quận 11,2023,10,44,28
Q12,Quận 12,2023,10,44,168
Q3,Quận 3,2023,10,44,30
Q4,Quận 4,2023,10,44,57
Q5,Quận 5,2023,10,44,44
Q6,Quận 6,2023,10,44,49
Q7,Quận 7,2023,10,44,91
Q8,Quận 8,2023,10,44,91
TB,Tân Bình,2023,10,44,126
TP,Tân Phú,2023,10,44,108
TD,Thủ Đức,2023,10,44,368
BC,Bình Chánh,2023,11,45,288
BT,Bình Tân,2023,11,45,240
BTH,Bình Thạnh,2023,11,45,111
CG,Cần Giờ,2023,11,45,25
CC,Củ Chi,2023,11,45,139
GV,Gò Vấp,2023,11,45,163
HM,Hóc Môn,2023,11,45,148
NB,Nhà Bè,2023,11,45,56
PN,Phú Nhuận,2023,11,45,25
Q1,Quận 1,2023,11,45,34
Q10,Quận 10,2023,11,45,39
Q11,Quận 11,2023,11,45,56
Q12,Quận 12,2023,11,45,160
Q3,Quận 3,2023,11,45,30
Q4,Quận 4,2023,11,45,40
Q5,Quận 5,2023,11,45,42
Q6,Quận 6,2023,11,45,54
Q7,Quận 7,2023,11,45,81
Q8,Quận 8,2023,11,45,96
TB,Tân Bình,2023,11,45,119
TP,Tân Phú,2023,11,45,97
TD,Thủ Đức,2023,11,45,371
BC,Bình Chánh,2023,11,46,251
BT,Bình Tân,2023,11,46,232
BTH,Bình Thạnh,2023,11,46,121
CG,Cần Giờ,2023,11,46,10
CC,Củ Chi,2023,11,46,148
GV,Gò Vấp,2023,11,46,133
HM,Hóc Môn,2023,11,46,169
NB,Nhà Bè,2023,11,46,60
PN,Phú Nhuận,2023,11,46,25
Q1,Quận 1,2023,11,46,35
Q10,Quận 10,2023,11,46,33
Q11,Quận 11,2023,11,46,40
Q12,Quận 12,2023,11,46,158
Q3,Quận 3,2023,11,46,22
Q4,Quận 4,2023,11,46,39
Q5,Quận 5,2023,11,46,35
Q6,Quận 6,2023,11,46,47
Q7,Quận 7,2023,11,46,60
Q8,Quận 8,2023,11,46,106
TB,Tân Bình,2023,11,46,117
TP,Tân Phú,2023,11,46,108
TD,Thủ Đức,2023,11,46,341
BC,Bình Chánh,2023,11,47,234
BT,Bình Tân,2023,11,47,252
BTH,Bình Thạnh,2023,11,47,117
CG,Cần Giờ,2023,11,47,23
CC,Củ Chi,2023,11,47,133
GV,Gò Vấp,2023,11,47,154
HM,Hóc Môn,2023,11,47,155
NB,Nhà Bè,2023,11,47,63
PN,Phú Nhuận,2023,11,47,22
Q1,Quận 1,2023,11,47,42
Q10,Quận 10,2023,11,47,38
Q11,Quận 11,2023,11,47,34
Q12,Quận 12,2023,11,47,149
Q3,Quận 3,2023,11,47,26
Q4,Quận 4,2023,11,47,35
Q5,Quận 5,2023,11,47,25
Q6,Quận 6,2023,11,47,42
Q7,Quận 7,2023,11,47,74
Q8,Quận 8,2023,11,47,85
TB,Tân Bình,2023,11,47,126
TP,Tân Phú,2023,11,47,110
TD,Thủ Đức,2023,11,47,320
BC,Bình Chánh,2023,11,48,258
BT,Bình Tân,2023,11,48,233
BTH,Bình Thạnh,2023,11,48,105
CG,Cần Giờ,2023,11,48,17
CC,Củ Chi,2023,11,48,134
GV,Gò Vấp,2023,11,48,148
HM,Hóc Môn,2023,11,48,149
NB,Nhà Bè,2023,11,48,65
PN,Phú Nhuận,2023,11,48,30
Q1,Quận 1,2023,11,48,44
Q10,Quận 10,2023,11,48,31
Q11,Quận 11,2023,11,48,37
Q12,Quận 12,2023,11,48,142
Q3,Quận 3,2023,11,48,19
Q4,Quận 4,2023,11,48,33
Q5,Quận 5,2023,11,48,23
Q6,Quận 6,2023,11,48,45
Q7,Quận 7,2023,11,48,76
Q8,Quận 8,2023,11,48,73
TB,Tân Bình,2023,11,48,113
TP,Tân Phú,2023,11,48,111
TD,Thủ Đức,2023,11,48,315
BC,Bình Chánh,2023,12,49,250
BT,Bình Tân,2023,12,49,161
BTH,Bình Thạnh,2023,12,49,107
CG,Cần Giờ,2023,12,49,23
CC,Củ Chi,2023,12,49,132
GV,Gò Vấp,2023,12,49,146
HM,Hóc Môn,2023,12,49,136
NB,Nhà Bè,2023,12,49,60
PN,Phú Nhuận,2023,12,49,29
Q1,Quận 1,2023,12,49,20
Q10,Quận 10,2023,12,49,31
Q11,Quận 11,2023,12,49,32
Q12,Quận 12,2023,12,49,141
Q3,Quận 3,2023,12,49,20
Q4,Quận 4,2023,12,49,43
Q5,Quận 5,2023,12,49,22
Q6,Quận 6,2023,12,49,41
Q7,Quận 7,2023,12,49,70
Q8,Quận 8,2023,12,49,71
TB,Tân Bình,2023,12,49,125
TP,Tân Phú,2023,12,49,91
TD,Thủ Đức,2023,12,49,302
BC,Bình Chánh,2023,12,50,209
BT,Bình Tân,2023,12,50,182
BTH,Bình Thạnh,2023,12,50,77
CG,Cần Giờ,2023,12,50,23
CC,Củ Chi,2023,12,50,117
GV,Gò Vấp,2023,12,50,140
HM,Hóc Môn,2023,12,50,145
NB,Nhà Bè,2023,12,50,52
PN,Phú Nhuận,2023,12,50,22
Q1,Quận 1,2023,12,50,27
Q10,Quận 10,2023,12,50,32
Q11,Quận 11,2023,12,50,33
Q12,Quận 12,2023,12,50,121
Q3,Quận 3,2023,12,50,19
Q4,Quận 4,2023,12,50,22
Q5,Quận 5,2023,12,50,18
Q6,Quận 6,2023,12,50,43
Q7,Quận 7,2023,12,50,62
Q8,Quận 8,2023,12,50,64
TB,Tân Bình,2023,12,50,96
TP,Tân Phú,2023,12,50,114
TD,Thủ Đức,2023,12,50,267
BC,Bình Chánh,2023,12,51,265
BT,Bình Tân,2023,12,51,183
BTH,Bình Thạnh,2023,12,51,93
CG,Cần Giờ,2023,12,51,19
CC,Củ Chi,2023,12,51,127
GV,Gò Vấp,2023,12,51,141
HM,Hóc Môn,2023,12,51,132
NB,Nhà Bè,2023,12,51,55
PN,Phú Nhuận,2023,12,51,25
Q1,Quận 1,2023,12,51,27
Q10,Quận 10,2023,12,51,30
Q11,Quận 11,2023,12,51,35
Q12,Quận 12,2023,12,51,133
Q3,Quận 3,2023,12,51,26
Q4,Quận 4,2023,12,51,28
Q5,Quận 5,2023,12,51,22
Q6,Quận 6,2023,12,51,46
Q7,Quận 7,2023,12,51,65
Q8,Quận 8,2023,12,51,78
TB,Tân Bình,2023,12,51,85
TP,Tân Phú,2023,12,51,108
TD,Thủ Đức,2023,12,51,296
BC,Bình Chánh,2023,12,52,196
BT,Bình Tân,2023,12,52,176
BTH,Bình Thạnh,2023,12,52,121
CG,Cần Giờ,2023,12,52,16
CC,Củ Chi,2023,12,52,105
GV,Gò Vấp,2023,12,52,140
HM,Hóc Môn,2023,12,52,135
NB,Nhà Bè,2023,12,52,35
PN,Phú Nhuận,2023,12,52,19
Q1,Quận 1,2023,12,52,27
Q10,Quận 10,2023,12,52,24
Q11,Quận 11,2023,12,52,34
Q12,Quận 12,2023,12,52,133
Q3,Quận 3,2023,12,52,22
Q4,Quận 4,2023,12,52,35
Q5,Quận 5,2023,12,52,27
Q6,Quận 6,2023,12,52,41
Q7,Quận 7,2023,12,52,50
Q8,Quận 8,2023,12,52,70
TB,Tân Bình,2023,12,52,96
TP,Tân Phú,2023,12,52,86
TD,Thủ Đức,2023,12,52,262
BC,Bình Chánh,2024,1,1,163
BT,Bình Tân,2024,1,1,123
BTH,Bình Thạnh,2024,1,1,77
CG,Cần Giờ,2024,1,1,6
CC,Củ Chi,2024,1,1,72
GV,Gò Vấp,2024,1,1,106
HM,Hóc Môn,2024,1,1,95
NB,Nhà Bè,2024,1,1,24
PN,Phú Nhuận,2024,1,1,13
Q1,Quận 1,2024,1,1,23
Q10,Quận 10,2024,1,1,26
Q11,Quận 11,2024,1,1,24
Q12,Quận 12,2024,1,1,82
Q3,Quận 3,2024,1,1,10
Q4,Quận 4,2024,1,1,24
Q5,Quận 5,2024,1,1,18
Q6,Quận 6,2024,1,1,31
Q7,Quận 7,2024,1,1,47
Q8,Quận 8,2024,1,1,53
TB,Tân Bình,2024,1,1,60
TP,Tân Phú,2024,1,1,61
TD,Thủ Đức,2024,1,1,197
BC,Bình Chánh,2024,1,2,147
BT,Bình Tân,2024,1,2,143
BTH,Bình Thạnh,2024,1,2,57
CG,Cần Giờ,2024,1,2,8
CC,Củ Chi,2024,1,2,89
GV,Gò Vấp,2024,1,2,99
HM,Hóc Môn,2024,1,2,91
NB,Nhà Bè,2024,1,2,39
PN,Phú Nhuận,2024,1,2,14
Q1,Quận 1,2024,1,2,20
Q10,Quận 10,2024,1,2,24
Q11,Quận 11,2024,1,2,19
Q12,Quận 12,2024,1,2,79
Q3,Quận 3,2024,1,2,15
Q4,Quận 4,2024,1,2,16
Q5,Quận 5,2024,1,2,20
Q6,Quận 6,2024,1,2,22
Q7,Quận 7,2024,1,2,41
Q8,Quận 8,2024,1,2,47
TB,Tân Bình,2024,1,2,84
TP,Tân Phú,2024,1,2,75
TD,Thủ Đức,2024,1,2,177
BC,Bình Chánh,2024,1,3,147
BT,Bình Tân,2024,1,3,120
BTH,Bình Thạnh,2024,1,3,84
CG,Cần Giờ,2024,1,3,15
CC,Củ Chi,2024,1,3,110
GV,Gò Vấp,2024,1,3,106
HM,Hóc Môn,2024,1,3,94
NB,Nhà Bè,2024,1,3,46
PN,Phú Nhuận,2024,1,3,19
Q1,Quận 1,2024,1,3,19
Q10,Quận 10,2024,1,3,20
Q11,Quận 11,2024,1,3,34
Q12,Quận 12,2024,1,3,85
Q3,Quận 3,2024,1,3,13
Q4,Quận 4,2024,1,3,21
Q5,Quận 5,2024,1,3,20
Q6,Quận 6,2024,1,3,26
Q7,Quận 7,2024,1,3,37
Q8,Quận 8,2024,1,3,51
TB,Tân Bình,2024,1,3,53
TP,Tân Phú,2024,1,3,74
TD,Thủ Đức,2024,1,3,194
BC,Bình Chánh,2024,1,4,173
BT,Bình Tân,2024,1,4,130
BTH,Bình Thạnh,2024,1,4,57
CG,Cần Giờ,2024,1,4,12
CC,Củ Chi,2024,1,4,80
GV,Gò Vấp,2024,1,4,103
HM,Hóc Môn,2024,1,4,81
NB,Nhà Bè,2024,1,4,30
PN,Phú Nhuận,2024,1,4,16
Q1,Quận 1,2024,1,4,21
Q10,Quận 10,2024,1,4,19
Q11,Quận 11,2024,1,4,26
Q12,Quận 12,2024,1,4,94
Q3,Quận 3,2024,1,4,18
Q4,Quận 4,2024,1,4,18
Q5,Quận 5,2024,1,4,12
Q6,Quận 6,2024,1,4,32
Q7,Quận 7,2024,1,4,39
Q8,Quận 8,2024,1,4,60
TB,Tân Bình,2024,1,4,70
TP,Tân Phú,2024,1,4,71
TD,Thủ Đức,2024,1,4,168
BC,Bình Chánh,2024,1,5,172
BT,Bình Tân,2024,1,5,133
BTH,Bình Thạnh,2024,1,5,90
CG,Cần Giờ,2024,1,5,14
CC,Củ Chi,2024,1,5,85
GV,Gò Vấp,2024,1,5,88
HM,Hóc Môn,2024,1,5,107
NB,Nhà Bè,2024,1,5,29
PN,Phú Nhuận,2024,1,5,15
Q1,Quận 1,2024,1,5,14
Q10,Quận 10,2024,1,5,17
Q11,Quận 11,2024,1,5,27
Q12,Quận 12,2024,1,5,98
Q3,Quận 3,2024,1,5,14
Q4,Quận 4,2024,1,5,20
Q5,Quận 5,2024,1,5,19
Q6,Quận 6,2024,1,5,39
Q7,Quận 7,2024,1,5,56
Q8,Quận 8,2024,1,5,56
TB,Tân Bình,2024,1,5,66
TP,Tân Phú,2024,1,5,70
TD,Thủ Đức,2024,1,5,184
BC,Bình Chánh,2024,2,6,137
BT,Bình Tân,2024,2,6,112
BTH,Bình Thạnh,2024,2,6,77
CG,Cần Giờ,2024,2,6,8
CC,Củ Chi,2024,2,6,71
GV,Gò Vấp,2024,2,6,106
HM,Hóc Môn,2024,2,6,95
NB,Nhà Bè,2024,2,6,40
PN,Phú Nhuận,2024,2,6,16
Q1,Quận 1,2024,2,6,26
Q10,Quận 10,2024,2,6,16
Q11,Quận 11,2024,2,6,21
Q12,Quận 12,2024,2,6,77
Q3,Quận 3,2024,2,6,21
Q4,Quận 4,2024,2,6,25
Q5,Quận 5,2024,2,6,17
Q6,Quận 6,2024,2,6,41
Q7,Quận 7,2024,2,6,55
Q8,Quận 8,2024,2,6,47
TB,Tân Bình,2024,2,6,62
TP,Tân Phú,2024,2,6,69
TD,Thủ Đức,2024,2,6,188
BC,Bình Chánh,2024,2,7,162
BT,Bình Tân,2024,2,7,142
BTH,Bình Thạnh,2024,2,7,74
CG,Cần Giờ,2024,2,7,14
CC,Củ Chi,2024,2,7,73
GV,Gò Vấp,2024,2,7,89
HM,Hóc Môn,2024,2,7,91
NB,Nhà Bè,2024,2,7,53
PN,Phú Nhuận,2024,2,7,12
Q1,Quận 1,2024,2,7,17
Q10,Quận 10,2024,2,7,20
Q11,Quận 11,2024,2,7,27
Q12,Quận 12,2024,2,7,101
Q3,Quận 3,2024,2,7,8
Q4,Quận 4,2024,2,7,17
Q5,Quận 5,2024,2,7,26
Q6,Quận 6,2024,2,7,36
Q7,Quận 7,2024,2,7,51
Q8,Quận 8,2024,2,7,45
TB,Tân Bình,2024,2,7,71
TP,Tân Phú,2024,2,7,63
TD,Thủ Đức,2024,2,7,214
BC,Bình Chánh,2024,2,8,171
BT,Bình Tân,2024,2,8,146
BTH,Bình Thạnh,2024,2,8,73
CG,Cần Giờ,2024,2,8,12
CC,Củ Chi,2024,2,8,66
GV,Gò Vấp,2024,2,8,110
HM,Hóc Môn,2024,2,8,83
NB,Nhà Bè,2024,2,8,33
PN,Phú Nhuận,2024,2,8,14
Q1,Quận 1,2024,2,8,14
Q10,Quận 10,2024,2,8,21
Q11,Quận 11,2024,2,8,28
Q12,Quận 12,2024,2,8,99
Q3,Quận 3,2024,2,8,19
Q4,Quận 4,2024,2,8,19
Q5,Quận 5,2024,2,8,20
Q6,Quận 6,2024,2,8,29
Q7,Quận 7,2024,2,8,56
Q8,Quận 8,2024,2,8,52
TB,Tân Bình,2024,2,8,61
TP,Tân Phú,2024,2,8,66
TD,Thủ Đức,2024,2,8,203
BC,Bình Chánh,2024,2,9,172
BT,Bình Tân,2024,2,9,139
BTH,Bình Thạnh,2024,2,9,70
CG,Cần Giờ,2024,2,9,13
CC,Củ Chi,2024,2,9,96
GV,Gò Vấp,2024,2,9,120
HM,Hóc Môn,2024,2,9,96
NB,Nhà Bè,2024,2,9,29
PN,Phú Nhuận,2024,2,9,9
Q1,Quận 1,2024,2,9,19
Q10,Quận 10,2024,2,9,18
Q11,Quận 11,2024,2,9,24
Q12,Quận 12,2024,2,9,99
Q3,Quận 3,2024,2,9,15
Q4,Quận 4,2024,2,9,20
Q5,Quận 5,2024,2,9,14
Q6,Quận 6,2024,2,9,26
Q7,Quận 7,2024,2,9,53
Q8,Quận 8,2024,2,9,56
TB,Tân Bình,2024,2,9,54
TP,Tân Phú,2024,2,9,65
TD,Thủ Đức,2024,2,9,210
BC,Bình Chánh,2024,3,10,151
BT,Bình Tân,2024,3,10,129
BTH,Bình Thạnh,2024,3,10,95
CG,Cần Giờ,2024,3,10,12
CC,Củ Chi,2024,3,10,86
GV,Gò Vấp,2024,3,10,86
HM,Hóc Môn,2024,3,10,102
NB,Nhà Bè,2024,3,10,34
PN,Phú Nhuận,2024,3,10,14
Q1,Quận 1,2024,3,10,19
Q10,Quận 10,2024,3,10,22
Q11,Quận 11,2024,3,10,33
Q12,Quận 12,2024,3,10,112
Q3,Quận 3,2024,3,10,19
Q4,Quận 4,2024,3,10,13
Q5,Quận 5,2024,3,10,19
Q6,Quận 6,2024,3,10,33
Q7,Quận 7,2024,3,10,65
Q8,Quận 8,2024,3,10,45
TB,Tân Bình,2024,3,10,71
TP,Tân Phú,2024,3,10,72
TD,Thủ Đức,2024,3,10,202
BC,Bình Chánh,2024,3,11,139
BT,Bình Tân,2024,3,11,134
BTH,Bình Thạnh,2024,3,11,72
CG,Cần Giờ,2024,3,11,15
CC,Củ Chi,2024,3,11,94
GV,Gò Vấp,2024,3,11,100
HM,Hóc Môn,2024,3,11,98
NB,Nhà Bè,2024,3,11,37
PN,Phú Nhuận,2024,3,11,10
Q1,Quận 1,2024,3,11,21
Q10,Quận 10,2024,3,11,21
Q11,Quận 11,2024,3,11,32
Q12,Quận 12,2024,3,11,79
Q3,Quận 3,2024,3,11,21
Q4,Quận 4,2024,3,11,27
Q5,Quận 5,2024,3,11,20
Q6,Quận 6,2024,3,11,36
Q7,Quận 7,2024,3,11,51
Q8,Quận 8,2024,3,11,45
TB,Tân Bình,2024,3,11,72
TP,Tân Phú,2024,3,11,67
TD,Thủ Đức,2024,3,11,214
BC,Bình Chánh,2024,3,12,146
BT,Bình Tân,2024,3,12,136
BTH,Bình Thạnh,2024,3,12,74
CG,Cần Giờ,2024,3,12,18
CC,Củ Chi,2024,3,12,82
GV,Gò Vấp,2024,3,12,112
HM,Hóc Môn,2024,3,12,93
NB,Nhà Bè,2024,3,12,38
PN,Phú Nhuận,2024,3,12,12
Q1,Quận 1,2024,3,12,21
Q10,Quận 10,2024,3,12,15
Q11,Quận 11,2024,3,12,37
Q12,Quận 12,2024,3,12,85
Q3,Quận 3,2024,3,12,13
Q4,Quận 4,2024,3,12,22
Q5,Quận 5,2024,3,12,20
Q6,Quận 6,2024,3,12,30
Q7,Quận 7,2024,3,12,46
Q8,Quận 8,2024,3,12,49
TB,Tân Bình,2024,3,12,78
TP,Tân Phú,2024,3,12,75
TD,Thủ Đức,2024,3,12,205
BC,Bình Chánh,2024,3,13,161
BT,Bình Tân,2024,3,13,126
BTH,Bình Thạnh,2024,3,13,70
CG,Cần Giờ,2024,3,13,12
CC,Củ Chi,2024,3,13,72
GV,Gò Vấp,2024,3,13,102
HM,Hóc Môn,2024,3,13,114
NB,Nhà Bè,2024,3,13,34
PN,Phú Nhuận,2024,3,13,13
Q1,Quận 1,2024,3,13,11
Q10,Quận 10,2024,3,13,23
Q11,Quận 11,2024,3,13,20
Q12,Quận 12,2024,3,13,93
Q3,Quận 3,2024,3,13,16
Q4,Quận 4,2024,3,13,23
Q5,Quận 5,2024,3,13,21
Q6,Quận 6,2024,3,13,31
Q7,Quận 7,2024,3,13,39
Q8,Quận 8,2024,3,13,63
TB,Tân Bình,2024,3,13,72
TP,Tân Phú,2024,3,13,73
TD,Thủ Đức,2024,3,13,214
BC,Bình Chánh,2024,4,14,141
BT,Bình Tân,2024,4,14,127
BTH,Bình Thạnh,2024,4,14,82
CG,Cần Giờ,2024,4,14,10
CC,Củ Chi,2024,4,14,79
GV,Gò Vấp,2024,4,14,96
HM,Hóc Môn,2024,4,14,96
NB,Nhà Bè,2024,4,14,26
PN,Phú Nhuận,2024,4,14,16
Q1,Quận 1,2024,4,14,22
Q10,Quận 10,2024,4,14,18
Q11,Quận 11,2024,4,14,28
Q12,Quận 12,2024,4,14,107
Q3,Quận 3,2024,4,14,11
Q4,Quận 4,2024,4,14,28
Q5,Quận 5,2024,4,14,22
Q6,Quận 6,2024,4,14,28
Q7,Quận 7,2024,4,14,43
Q8,Quận 8,2024,4,14,62
TB,Tân Bình,2024,4,14,88
TP,Tân Phú,2024,4,14,65
TD,Thủ Đức,2024,4,14,210
BC,Bình Chánh,2024,4,15,173
BT,Bình Tân,2024,4,15,139
BTH,Bình Thạnh,2024,4,15,84
CG,Cần Giờ,2024,4,15,10
CC,Củ Chi,2024,4,15,84
GV,Gò Vấp,2024,4,15,115
HM,Hóc Môn,2024,4,15,90
NB,Nhà Bè,2024,4,15,31
PN,Phú Nhuận,2024,4,15,20
Q1,Quận 1,2024,4,15,23
Q10,Quận 10,2024,4,15,24
Q11,Quận 11,2024,4,15,25
Q12,Quận 12,2024,4,15,104
Q3,Quận 3,2024,4,15,23
Q4,Quận 4,2024,4,15,26
Q5,Quận 5,2024,4,15,24
Q6,Quận 6,2024,4,15,26
Q7,Quận 7,2024,4,15,56
Q8,Quận 8,2024,4,15,57
TB,Tân Bình,2024,4,15,70
TP,Tân Phú,2024,4,15,70
TD,Thủ Đức,2024,4,15,224
BC,Bình Chánh,2024,4,16,192
BT,Bình Tân,2024,4,16,129
BTH,Bình Thạnh,2024,4,16,88
CG,Cần Giờ,2024,4,16,12
CC,Củ Chi,2024,4,16,85
GV,Gò Vấp,2024,4,16,88
HM,Hóc Môn,2024,4,16,105
NB,Nhà Bè,2024,4,16,36
PN,Phú Nhuận,2024,4,16,22
Q1,Quận 1,2024,4,16,27
Q10,Quận 10,2024,4,16,28
Q11,Quận 11,2024,4,16,23
Q12,Quận 12,2024,4,16,115
Q3,Quận 3,2024,4,16,28
Q4,Quận 4,2024,4,16,20
Q5,Quận 5,2024,4,16,31
Q6,Quận 6,2024,4,16,31
Q7,Quận 7,2024,4,16,57
Q8,Quận 8,2024,4,16,67
TB,Tân Bình,2024,4,16,76
TP,Tân Phú,2024,4,16,71
TD,Thủ Đức,2024,4,16,218
BC,Bình Chánh,2024,4,17,182
BT,Bình Tân,2024,4,17,144
BTH,Bình Thạnh,2024,4,17,85
CG,Cần Giờ,2024,4,17,18
CC,Củ Chi,2024,4,17,96
GV,Gò Vấp,2024,4,17,114
HM,Hóc Môn,2024,4,17,106
NB,Nhà Bè,2024,4,17,31
PN,Phú Nhuận,2024,4,17,26
Q1,Quận 1,2024,4,17,22
Q10,Quận 10,2024,4,17,25
Q11,Quận 11,2024,4,17,24
Q12,Quận 12,2024,4,17,94
Q3,Quận 3,2024,4,17,17
Q4,Quận 4,2024,4,17,23
Q5,Quận 5,2024,4,17,23
Q6,Quận 6,2024,4,17,33
Q7,Quận 7,2024,4,17,55
Q8,Quận 8,2024,4,17,62
TB,Tân Bình,2024,4,17,97
TP,Tân Phú,2024,4,17,59
TD,Thủ Đức,2024,4,17,217
BC,Bình Chánh,2024,4,18,185
BT,Bình Tân,2024,4,18,148
BTH,Bình Thạnh,2024,4,18,82
CG,Cần Giờ,2024,4,18,18
CC,Củ Chi,2024,4,18,85
GV,Gò Vấp,2024,4,18,122
HM,Hóc Môn,2024,4,18,111
NB,Nhà Bè,2024,4,18,42
PN,Phú Nhuận,2024,4,18,18
Q1,Quận 1,2024,4,18,20
Q10,Quận 10,2024,4,18,17
Q11,Quận 11,2024,4,18,34
Q12,Quận 12,2024,4,18,108
Q3,Quận 3,2024,4,18,17
Q4,Quận 4,2024,4,18,30
Q5,Quận 5,2024,4,18,19
Q6,Quận 6,2024,4,18,35
Q7,Quận 7,2024,4,18,38
Q8,Quận 8,2024,4,18,72
TB,Tân Bình,2024,4,18,72
TP,Tân Phú,2024,4,18,75
TD,Thủ Đức,2024,4,18,248
BC,Bình Chánh,2024,5,19,163
BT,Bình Tân,2024,5,19,155
BTH,Bình Thạnh,2024,5,19,105
CG,Cần Giờ,2024,5,19,13
CC,Củ Chi,2024,5,19,111
GV,Gò Vấp,2024,5,19,126
HM,Hóc Môn,2024,5,19,113
NB,Nhà Bè,2024,5,19,35
PN,Phú Nhuận,2024,5,19,15
Q1,Quận 1,2024,5,19,28
Q10,Quận 10,2024,5,19,28
Q11,Quận 11,2024,5,19,20
Q12,Quận 12,2024,5,19,109
Q3,Quận 3,2024,5,19,25
Q4,Quận 4,2024,5,19,30
Q5,Quận 5,2024,5,19,19
Q6,Quận 6,2024,5,19,50
Q7,Quận 7,2024,5,19,64
Q8,Quận 8,2024,5,19,65
TB,Tân Bình,2024,5,19,100
TP,Tân Phú,2024,5,19,85
TD,Thủ Đức,2024,5,19,252
BC,Bình Chánh,2024,5,20,199
BT,Bình Tân,2024,5,20,164
BTH,Bình Thạnh,2024,5,20,90
CG,Cần Giờ,2024,5,20,18
CC,Củ Chi,2024,5,20,90
GV,Gò Vấp,2024,5,20,146
HM,Hóc Môn,2024,5,20,112
NB,Nhà Bè,2024,5,20,48
PN,Phú Nhuận,2024,5,20,18
Q1,Quận 1,2024,5,20,39
Q10,Quận 10,2024,5,20,25
Q11,Quận 11,2024,5,20,26
Q12,Quận 12,2024,5,20,104
Q3,Quận 3,2024,5,20,18
Q4,Quận 4,2024,5,20,36
Q5,Quận 5,2024,5,20,23
Q6,Quận 6,2024,5,20,45
Q7,Quận 7,2024,5,20,52
Q8,Quận 8,2024,5,20,74
TB,Tân Bình,2024,5,20,82
TP,Tân Phú,2024,5,20,85
TD,Thủ Đức,2024,5,20,279
BC,Bình Chánh,2024,5,21,179
BT,Bình Tân,2024,5,21,175
BTH,Bình Thạnh,2024,5,21,89
CG,Cần Giờ,2024,5,21,13
CC,Củ Chi,2024,5,21,133
GV,Gò Vấp,2024,5,21,125
HM,Hóc Môn,2024,5,21,120
NB,Nhà Bè,2024,5,21,39
PN,Phú Nhuận,2024,5,21,17
Q1,Quận 1,2024,5,21,27
Q10,Quận 10,2024,5,21,32
Q11,Quận 11,2024,5,21,30
Q12,Quận 12,2024,5,21,110
Q3,Quận 3,2024,5,21,15
Q4,Quận 4,2024,5,21,24
Q5,Quận 5,2024,5,21,27
Q6,Quận 6,2024,5,21,37
Q7,Quận 7,2024,5,21,62
Q8,Quận 8,2024,5,21,54
TB,Tân Bình,2024,5,21,105
TP,Tân Phú,2024,5,21,83
TD,Thủ Đức,2024,5,21,270
BC,Bình Chánh,2024,5,22,219
BT,Bình Tân,2024,5,22,173
BTH,Bình Thạnh,2024,5,22,84
CG,Cần Giờ,2024,5,22,17
CC,Củ Chi,2024,5,22,104
GV,Gò Vấp,2024,5,22,138
HM,Hóc Môn,2024,5,22,107
NB,Nhà Bè,2024,5,22,61
PN,Phú Nhuận,2024,5,22,20
Q1,Quận 1,2024,5,22,25
Q10,Quận 10,2024,5,22,29
Q11,Quận 11,2024,5,22,26
Q12,Quận 12,2024,5,22,144
Q3,Quận 3,2024,5,22,16
Q4,Quận 4,2024,5,22,23
Q5,Quận 5,2024,5,22,20
Q6,Quận 6,2024,5,22,40
Q7,Quận 7,2024,5,22,51
Q8,Quận 8,2024,5,22,71
TB,Tân Bình,2024,5,22,101
TP,Tân Phú,2024,5,22,99
TD,Thủ Đức,2024,5,22,270
BC,Bình Chánh,2024,6,23,216
BT,Bình Tân,2024,6,23,187
BTH,Bình Thạnh,2024,6,23,101
CG,Cần Giờ,2024,6,23,25
CC,Củ Chi,2024,6,23,93
GV,Gò Vấp,2024,6,23,143
HM,Hóc Môn,2024,6,23,127
NB,Nhà Bè,2024,6,23,46
PN,Phú Nhuận,2024,6,23,23
Q1,Quận 1,2024,6,23,25
Q10,Quận 10,2024,6,23,25
Q11,Quận 11,2024,6,23,30
Q12,Quận 12,2024,6,23,113
Q3,Quận 3,2024,6,23,22
Q4,Quận 4,2024,6,23,30
Q5,Quận 5,2024,6,23,33
Q6,Quận 6,2024,6,23,38
Q7,Quận 7,2024,6,23,55
Q8,Quận 8,2024,6,23,70
TB,Tân Bình,2024,6,23,87
TP,Tân Phú,2024,6,23,80
TD,Thủ Đức,2024,6,23,284
BC,Bình Chánh,2024,6,24,230
BT,Bình Tân,2024,6,24,193
BTH,Bình Thạnh,2024,6,24,113
CG,Cần Giờ,2024,6,24,22
CC,Củ Chi,2024,6,24,111
GV,Gò Vấp,2024,6,24,140
HM,Hóc Môn,2024,6,24,142
NB,Nhà Bè,2024,6,24,56
PN,Phú Nhuận,2024,6,24,22
Q1,Quận 1,2024,6,24,31
Q10,Quận 10,2024,6,24,37
Q11,Quận 11,2024,6,24,37
Q12,Quận 12,2024,6,24,128
Q3,Quận 3,2024,6,24,21
Q4,Quận 4,2024,6,24,44
Q5,Quận 5,2024,6,24,18
Q6,Quận 6,2024,6,24,47
Q7,Quận 7,2024,6,24,77
Q8,Quận 8,2024,6,24,62
TB,Tân Bình,2024,6,24,90
TP,Tân Phú,2024,6,24,104
TD,Thủ Đức,2024,6,24,305
BC,Bình Chánh,2024,6,25,240
BT,Bình Tân,2024,6,25,186
BTH,Bình Thạnh,2024,6,25,103
CG,Cần Giờ,2024,6,25,28
CC,Củ Chi,2024,6,25,106
GV,Gò Vấp,2024,6,25,169
HM,Hóc Môn,2024,6,25,127
NB,Nhà Bè,2024,6,25,46
PN,Phú Nhuận,2024,6,25,23
Q1,Quận 1,2024,6,25,33
Q10,Quận 10,2024,6,25,28
Q11,Quận 11,2024,6,25,33
Q12,Quận 12,2024,6,25,149
Q3,Quận 3,2024,6,25,19
Q4,Quận 4,2024,6,25,28
Q5,Quận 5,2024,6,25,34
Q6,Quận 6,2024,6,25,35
Q7,Quận 7,2024,6,25,73
Q8,Quận 8,2024,6,25,77
TB,Tân Bình,2024,6,25,109
TP,Tân Phú,2024,6,25,95
TD,Thủ Đức,2024,6,25,297
BC,Bình Chánh,2024,6,26,254
BT,Bình Tân,2024,6,26,228
BTH,Bình Thạnh,2024,6,26,120
CG,Cần Giờ,2024,6,26,25
CC,Củ Chi,2024,6,26,120
GV,Gò Vấp,2024,6,26,147
HM,Hóc Môn,2024,6,26,172
NB,Nhà Bè,2024,6,26,45
PN,Phú Nhuận,2024,6,26,13
Q1,Quận 1,2024,6,26,26
Q10,Quận 10,2024,6,26,32
Q11,Quận 11,2024,6,26,43
Q12,Quận 12,2024,6,26,135
Q3,Quận 3,2024,6,26,27
Q4,Quận 4,2024,6,26,35
Q5,Quận 5,2024,6,26,24
Q6,Quận 6,2024,6,26,55
Q7,Quận 7,2024,6,26,71
Q8,Quận 8,2024,6,26,74
TB,Tân Bình,2024,6,26,95
TP,Tân Phú,2024,6,26,108
TD,Thủ Đức,2024,6,26,340
BC,Bình Chánh,2024,7,27,252
BT,Bình Tân,2024,7,27,228
BTH,Bình Thạnh,2024,7,27,107
CG,Cần Giờ,2024,7,27,29
CC,Củ Chi,2024,7,27,111
GV,Gò Vấp,2024,7,27,173
HM,Hóc Môn,2024,7,27,142
NB,Nhà Bè,2024,7,27,60
PN,Phú Nhuận,2024,7,27,26
Q1,Quận 1,2024,7,27,41
Q10,Quận 10,2024,7,27,24
Q11,Quận 11,2024,7,27,55
Q12,Quận 12,2024,7,27,146
Q3,Quận 3,2024,7,27,22
Q4,Quận 4,2024,7,27,38
Q5,Quận 5,2024,7,27,29
Q6,Quận 6,2024,7,27,50
Q7,Quận 7,2024,7,27,85
Q8,Quận 8,2024,7,27,75
TB,Tân Bình,2024,7,27,117
TP,Tân Phú,2024,7,27,114
TD,Thủ Đức,2024,7,27,308
BC,Bình Chánh,2024,7,28,244
BT,Bình Tân,2024,7,28,195
BTH,Bình Thạnh,2024,7,28,113
CG,Cần Giờ,2024,7,28,30
CC,Củ Chi,2024,7,28,130
GV,Gò Vấp,2024,7,28,170
HM,Hóc Môn,2024,7,28,143
NB,Nhà Bè,2024,7,28,53
PN,Phú Nhuận,2024,7,28,21
Q1,Quận 1,2024,7,28,28
Q10,Quận 10,2024,7,28,43
Q11,Quận 11,2024,7,28,35
Q12,Quận 12,2024,7,28,142
Q3,Quận 3,2024,7,28,23
Q4,Quận 4,2024,7,28,40
Q5,Quận 5,2024,7,28,40
Q6,Quận 6,2024,7,28,42
Q7,Quận 7,2024,7,28,79
Q8,Quận 8,2024,7,28,84
TB,Tân Bình,2024,7,28,118
TP,Tân Phú,2024,7,28,103
TD,Thủ Đức,2024,7,28,323
BC,Bình Chánh,2024,7,29,301
BT,Bình Tân,2024,7,29,210
BTH,Bình Thạnh,2024,7,29,117
CG,Cần Giờ,2024,7,29,25
CC,Củ Chi,2024,7,29,136
GV,Gò Vấp,2024,7,29,146
HM,Hóc Môn,2024,7,29,171
NB,Nhà Bè,2024,7,29,68
PN,Phú Nhuận,2024,7,29,24
Q1,Quận 1,2024,7,29,40
Q10,Quận 10,2024,7,29,37
Q11,Quận 11,2024,7,29,42
Q12,Quận 12,2024,7,29,183
Q3,Quận 3,2024,7,29,22
Q4,Quận 4,2024,7,29,46
Q5,Quận 5,2024,7,29,33
Q6,Quận 6,2024,7,29,43
Q7,Quận 7,2024,7,29,60
Q8,Quận 8,2024,7,29,91
TB,Tân Bình,2024,7,29,123
TP,Tân Phú,2024,7,29,121
TD,Thủ Đức,2024,7,29,317
BC,Bình Chánh,2024,7,30,304
BT,Bình Tân,2024,7,30,240
BTH,Bình Thạnh,2024,7,30,118
CG,Cần Giờ,2024,7,30,17
CC,Củ Chi,2024,7,30,163
GV,Gò Vấp,2024,7,30,155
HM,Hóc Môn,2024,7,30,180
NB,Nhà Bè,2024,7,30,59
PN,Phú Nhuận,2024,7,30,13
Q1,Quận 1,2024,7,30,32
Q10,Quận 10,2024,7,30,38
Q11,Quận 11,2024,7,30,38
Q12,Quận 12,2024,7,30,148
Q3,Quận 3,2024,7,30,22
Q4,Quận 4,2024,7,30,40
Q5,Quận 5,2024,7,30,27
Q6,Quận 6,2024,7,30,48
Q7,Quận 7,2024,7,30,81
Q8,Quận 8,2024,7,30,94
TB,Tân Bình,2024,7,30,114
TP,Tân Phú,2024,7,30,120
TD,Thủ Đức,2024,7,30,348
BC,Bình Chánh,2024,7,31,274
BT,Bình Tân,2024,7,31,217
BTH,Bình Thạnh,2024,7,31,124
CG,Cần Giờ,2024,7,31,28
CC,Củ Chi,2024,7,31,145
GV,Gò Vấp,2024,7,31,194
HM,Hóc Môn,2024,7,31,169
NB,Nhà Bè,2024,7,31,57
PN,Phú Nhuận,2024,7,31,33
Q1,Quận 1,2024,7,31,46
Q10,Quận 10,2024,7,31,38
Q11,Quận 11,2024,7,31,50
Q12,Quận 12,2024,7,31,187
Q3,Quận 3,2024,7,31,29
Q4,Quận 4,2024,7,31,32
Q5,Quận 5,2024,7,31,25
Q6,Quận 6,2024,7,31,50
Q7,Quận 7,2024,7,31,85
Q8,Quận 8,2024,7,31,93
TB,Tân Bình,2024,7,31,122
TP,Tân Phú,2024,7,31,118
TD,Thủ Đức,2024,7,31,341
BC,Bình Chánh,2024,8,32,278
BT,Bình Tân,2024,8,32,238
BTH,Bình Thạnh,2024,8,32,129
CG,Cần Giờ,2024,8,32,21
CC,Củ Chi,2024,8,32,123
GV,Gò Vấp,2024,8,32,179
HM,Hóc Môn,2024,8,32,158
NB,Nhà Bè,2024,8,32,74
PN,Phú Nhuận,2024,8,32,39
Q1,Quận 1,2024,8,32,31
Q10,Quận 10,2024,8,32,47
Q11,Quận 11,2024,8,32,43
Q12,Quận 12,2024,8,32,164
Q3,Quận 3,2024,8,32,32
Q4,Quận 4,2024,8,32,45
Q5,Quận 5,2024,8,32,42
Q6,Quận 6,2024,8,32,54
Q7,Quận 7,2024,8,32,80
Q8,Quận 8,2024,8,32,77
TB,Tân Bình,2024,8,32,116
TP,Tân Phú,2024,8,32,111
TD,Thủ Đức,2024,8,32,365
BC,Bình Chánh,2024,8,33,284
BT,Bình Tân,2024,8,33,253
BTH,Bình Thạnh,2024,8,33,131
CG,Cần Giờ,2024,8,33,34
CC,Củ Chi,2024,8,33,154
GV,Gò Vấp,2024,8,33,199
HM,Hóc Môn,2024,8,33,175
NB,Nhà Bè,2024,8,33,65
PN,Phú Nhuận,2024,8,33,31
Q1,Quận 1,2024,8,33,32
Q10,Quận 10,2024,8,33,39
Q11,Quận 11,2024,8,33,41
Q12,Quận 12,2024,8,33,174
Q3,Quận 3,2024,8,33,29
Q4,Quận 4,2024,8,33,46
Q5,Quận 5,2024,8,33,40
Q6,Quận 6,2024,8,33,48
Q7,Quận 7,2024,8,33,83
Q8,Quận 8,2024,8,33,92
TB,Tân Bình,2024,8,33,106
TP,Tân Phú,2024,8,33,110
TD,Thủ Đức,2024,8,33,344
BC,Bình Chánh,2024,8,34,301
BT,Bình Tân,2024,8,34,239
BTH,Bình Thạnh,2024,8,34,127
CG,Cần Giờ,2024,8,34,25
CC,Củ Chi,2024,8,34,145
GV,Gò Vấp,2024,8,34,188
HM,Hóc Môn,2024,8,34,149
NB,Nhà Bè,2024,8,34,63
PN,Phú Nhuận,2024,8,34,27
Q1,Quận 1,2024,8,34,48
Q10,Quận 10,2024,8,34,34
Q11,Quận 11,2024,8,34,43
Q12,Quận 12,2024,8,34,164
Q3,Quận 3,2024,8,34,23
Q4,Quận 4,2024,8,34,34
Q5,Quận 5,2024,8,34,34
Q6,Quận 6,2024,8,34,70
Q7,Quận 7,2024,8,34,72
Q8,Quận 8,2024,8,34,109
TB,Tân Bình,2024,8,34,148
TP,Tân Phú,2024,8,34,95
TD,Thủ Đức,2024,8,34,353
BC,Bình Chánh,2024,8,35,293
BT,Bình Tân,2024,8,35,243
BTH,Bình Thạnh,2024,8,35,111
CG,Cần Giờ,2024,8,35,21
CC,Củ Chi,2024,8,35,151
GV,Gò Vấp,2024,8,35,160
HM,Hóc Môn,2024,8,35,157
NB,Nhà Bè,2024,8,35,62
PN,Phú Nhuận,2024,8,35,16
Q1,Quận 1,2024,8,35,40
Q10,Quận 10,2024,8,35,34
Q11,Quận 11,2024,8,35,49
Q12,Quận 12,2024,8,35,179
Q3,Quận 3,2024,8,35,22
Q4,Quận 4,2024,8,35,42
Q5,Quận 5,2024,8,35,36
Q6,Quận 6,2024,8,35,53
Q7,Quận 7,2024,8,35,79
Q8,Quận 8,2024,8,35,105
TB,Tân Bình,2024,8,35,126
TP,Tân Phú,2024,8,35,107
TD,Thủ Đức,2024,8,35,345
BC,Bình Chánh,2024,9,36,289
BT,Bình Tân,2024,9,36,246
BTH,Bình Thạnh,2024,9,36,110
CG,Cần Giờ,2024,9,36,18
CC,Củ Chi,2024,9,36,140
GV,Gò Vấp,2024,9,36,158
HM,Hóc Môn,2024,9,36,157
NB,Nhà Bè,2024,9,36,75
PN,Phú Nhuận,2024,9,36,32
Q1,Quận 1,2024,9,36,33
Q10,Quận 10,2024,9,36,38
Q11,Quận 11,2024,9,36,40
Q12,Quận 12,2024,9,36,165
Q3,Quận 3,2024,9,36,17
Q4,Quận 4,2024,9,36,36
Q5,Quận 5,2024,9,36,27
Q6,Quận 6,2024,9,36,48
Q7,Quận 7,2024,9,36,103
Q8,Quận 8,2024,9,36,92
TB,Tân Bình,2024,9,36,99
TP,Tân Phú,2024,9,36,126
TD,Thủ Đức,2024,9,36,402
BC,Bình Chánh,2024,9,37,294
BT,Bình Tân,2024,9,37,234
BTH,Bình Thạnh,2024,9,37,124
CG,Cần Giờ,2024,9,37,21
CC,Củ Chi,2024,9,37,144
GV,Gò Vấp,2024,9,37,159
HM,Hóc Môn,2024,9,37,152
NB,Nhà Bè,2024,9,37,71
PN,Phú Nhuận,2024,9,37,28
Q1,Quận 1,2024,9,37,36
Q10,Quận 10,2024,9,37,39
Q11,Quận 11,2024,9,37,48
Q12,Quận 12,2024,9,37,145
Q3,Quận 3,2024,9,37,20
Q4,Quận 4,2024,9,37,42
Q5,Quận 5,2024,9,37,34
Q6,Quận 6,2024,9,37,52
Q7,Quận 7,2024,9,37,89
Q8,Quận 8,2024,9,37,89
TB,Tân Bình,2024,9,37,128
TP,Tân Phú,2024,9,37,131
TD,Thủ Đức,2024,9,37,347
BC,Bình Chánh,2024,9,38,263
BT,Bình Tân,2024,9,38,239
BTH,Bình Thạnh,2024,9,38,103
CG,Cần Giờ,2024,9,38,25
CC,Củ Chi,2024,9,38,137
GV,Gò Vấp,2024,9,38,158
HM,Hóc Môn,2024,9,38,160
NB,Nhà Bè,2024,9,38,59
PN,Phú Nhuận,2024,9,38,26
Q1,Quận 1,2024,9,38,32
Q10,Quận 10,2024,9,38,28
Q11,Quận 11,2024,9,38,38
Q12,Quận 12,2024,9,38,159
Q3,Quận 3,2024,9,38,26
Q4,Quận 4,2024,9,38,32
Q5,Quận 5,2024,9,38,35
Q6,Quận 6,2024,9,38,48
Q7,Quận 7,2024,9,38,74
Q8,Quận 8,2024,9,38,86
TB,Tân Bình,2024,9,38,114
TP,Tân Phú,2024,9,38,123
TD,Thủ Đức,2024,9,38,331
BC,Bình Chánh,2024,9,39,269
BT,Bình Tân,2024,9,39,230
BTH,Bình Thạnh,2024,9,39,127
CG,Cần Giờ,2024,9,39,24
CC,Củ Chi,2024,9,39,132
GV,Gò Vấp,2024,9,39,173
HM,Hóc Môn,2024,9,39,149
NB,Nhà Bè,2024,9,39,64
PN,Phú Nhuận,2024,9,39,35
Q1,Quận 1,2024,9,39,33
Q10,Quận 10,2024,9,39,45
Q11,Quận 11,2024,9,39,46
Q12,Quận 12,2024,9,39,174
Q3,Quận 3,2024,9,39,33
Q4,Quận 4,2024,9,39,39
Q5,Quận 5,2024,9,39,35
Q6,Quận 6,2024,9,39,62
Q7,Quận 7,2024,9,39,77
Q8,Quận 8,2024,9,39,92
TB,Tân Bình,2024,9,39,116
TP,Tân Phú,2024,9,39,114
TD,Thủ Đức,2024,9,39,355
BC,Bình Chánh,2024,10,40,248
BT,Bình Tân,2024,10,40,216
BTH,Bình Thạnh,2024,10,40,134
CG,Cần Giờ,2024,10,40,18
CC,Củ Chi,2024,10,40,139
GV,Gò Vấp,2024,10,40,149
HM,Hóc Môn,2024,10,40,159
NB,Nhà Bè,2024,10,40,61
PN,Phú Nhuận,2024,10,40,27
Q1,Quận 1,2024,10,40,36
Q10,Quận 10,2024,10,40,33
Q11,Quận 11,2024,10,40,49
Q12,Quận 12,2024,10,40,152
Q3,Quận 3,2024,10,40,27
Q4,Quận 4,2024,10,40,37
Q5,Quận 5,2024,10,40,33
Q6,Quận 6,2024,10,40,54
Q7,Quận 7,2024,10,40,65
Q8,Quận 8,2024,10,40,83
TB,Tân Bình,2024,10,40,130
TP,Tân Phú,2024,10,40,124
TD,Thủ Đức,2024,10,40,338
BC,Bình Chánh,2024,10,41,249
BT,Bình Tân,2024,10,41,202
BTH,Bình Thạnh,2024,10,41,127
CG,Cần Giờ,2024,10,41,32
CC,Củ Chi,2024,10,41,140
GV,Gò Vấp,2024,10,41,167
HM,Hóc Môn,2024,10,41,141
NB,Nhà Bè,2024,10,41,62
PN,Phú Nhuận,2024,10,41,29
Q1,Quận 1,2024,10,41,25
Q10,Quận 10,2024,10,41,36
Q11,Quận 11,2024,10,41,53
Q12,Quận 12,2024,10,41,167
Q3,Quận 3,2024,10,41,23
Q4,Quận 4,2024,10,41,31
Q5,Quận 5,2024,10,41,32
Q6,Quận 6,2024,10,41,62
Q7,Quận 7,2024,10,41,83
Q8,Quận 8,2024,10,41,90
TB,Tân Bình,2024,10,41,112
TP,Tân Phú,2024,10,41,112
TD,Thủ Đức,2024,10,41,317
BC,Bình Chánh,2024,10,42,269
BT,Bình Tân,2024,10,42,199
BTH,Bình Thạnh,2024,10,42,120
CG,Cần Giờ,2024,10,42,23
CC,Củ Chi,2024,10,42,124
GV,Gò Vấp,2024,10,42,145
HM,Hóc Môn,2024,10,42,144
NB,Nhà Bè,2024,10,42,55
PN,Phú Nhuận,2024,10,42,32
Q1,Quận 1,2024,10,42,28
Q10,Quận 10,2024,10,42,32
Q11,Quận 11,2024,10,42,49
Q12,Quận 12,2024,10,42,136
Q3,Quận 3,2024,10,42,25
Q4,Quận 4,2024,10,42,47
Q5,Quận 5,2024,10,42,38
Q6,Quận 6,2024,10,42,49
Q7,Quận 7,2024,10,42,81
Q8,Quận 8,2024,10,42,82
TB,Tân Bình,2024,10,42,89
TP,Tân Phú,2024,10,42,107
TD,Thủ Đức,2024,10,42,323
BC,Bình Chánh,2024,10,43,233
BT,Bình Tân,2024,10,43,207
BTH,Bình Thạnh,2024,10,43,105
CG,Cần Giờ,2024,10,43,13
CC,Củ Chi,2024,10,43,106
GV,Gò Vấp,2024,10,43,163
HM,Hóc Môn,2024,10,43,153
NB,Nhà Bè,2024,10,43,58
PN,Phú Nhuận,2024,10,43,28
Q1,Quận 1,2024,10,43,29
Q10,Quận 10,2024,10,43,37
Q11,Quận 11,2024,10,43,48
Q12,Quận 12,2024,10,43,155
Q3,Quận 3,2024,10,43,31
Q4,Quận 4,2024,10,43,37
Q5,Quận 5,2024,10,43,19
Q6,Quận 6,2024,10,43,61
Q7,Quận 7,2024,10,43,77
Q8,Quận 8,2024,10,43,70
TB,Tân Bình,2024,10,43,116
TP,Tân Phú,2024,10,43,100
TD,Thủ Đức,2024,10,43,285
BC,Bình Chánh,2024,10,44,232
BT,Bình Tân,2024,10,44,227
BTH,Bình Thạnh,2024,10,44,105
CG,Cần Giờ,2024,10,44,18
CC,Củ Chi,2024,10,44,128
GV,Gò Vấp,2024,10,44,121
HM,Hóc Môn,2024,10,44,143
NB,Nhà Bè,2024,10,44,57
PN,Phú Nhuận,2024,10,44,19
Q1,Quận 1,2024,10,44,39
Q10,Quận 10,2024,10,44,24
Q11,Quận 11,2024,10,44,50
Q12,Quận 12,2024,10,44,142
Q3,Quận 3,2024,10,44,15
Q4,Quận 4,2024,10,44,46
Q5,Quận 5,2024,10,44,31
Q6,Quận 6,2024,10,44,48
Q7,Quận 7,2024,10,44,78
Q8,Quận 8,2024,10,44,81
TB,Tân Bình,2024,10,44,94
TP,Tân Phú,2024,10,44,96
TD,Thủ Đức,2024,10,44,287
BC,Bình Chánh,2024,11,45,215
BT,Bình Tân,2024,11,45,182
BTH,Bình Thạnh,2024,11,45,97
CG,Cần Giờ,2024,11,45,26
CC,Củ Chi,2024,11,45,122
GV,Gò Vấp,2024,11,45,140
HM,Hóc Môn,2024,11,45,142
NB,Nhà Bè,2024,11,45,50
PN,Phú Nhuận,2024,11,45,15
Q1,Quận 1,2024,11,45,30
Q10,Quận 10,2024,11,45,28
Q11,Quận 11,2024,11,45,34
Q12,Quận 12,2024,11,45,131
Q3,Quận 3,2024,11,45,29
Q4,Quận 4,2024,11,45,34
Q5,Quận 5,2024,11,45,34
Q6,Quận 6,2024,11,45,59
Q7,Quận 7,2024,11,45,65
Q8,Quận 8,2024,11,45,80
TB,Tân Bình,2024,11,45,99
TP,Tân Phú,2024,11,45,106
TD,Thủ Đức,2024,11,45,331
BC,Bình Chánh,2024,11,46,215
BT,Bình Tân,2024,11,46,150
BTH,Bình Thạnh,2024,11,46,86
CG,Cần Giờ,2024,11,46,16
CC,Củ Chi,2024,11,46,105
GV,Gò Vấp,2024,11,46,121
HM,Hóc Môn,2024,11,46,122
NB,Nhà Bè,2024,11,46,64
PN,Phú Nhuận,2024,11,46,19
Q1,Quận 1,2024,11,46,27
Q10,Quận 10,2024,11,46,30
Q11,Quận 11,2024,11,46,48
Q12,Quận 12,2024,11,46,134
Q3,Quận 3,2024,11,46,17
Q4,Quận 4,2024,11,46,28
Q5,Quận 5,2024,11,46,20
Q6,Quận 6,2024,11,46,45
Q7,Quận 7,2024,11,46,64
Q8,Quận 8,2024,11,46,78
TB,Tân Bình,2024,11,46,79
TP,Tân Phú,2024,11,46,106
TD,Thủ Đức,2024,11,46,306
BC,Bình Chánh,2024,11,47,199
BT,Bình Tân,2024,11,47,172
BTH,Bình Thạnh,2024,11,47,106
CG,Cần Giờ,2024,11,47,18
CC,Củ Chi,2024,11,47,108
GV,Gò Vấp,2024,11,47,119
HM,Hóc Môn,2024,11,47,103
NB,Nhà Bè,2024,11,47,44
PN,Phú Nhuận,2024,11,47,19
Q1,Quận 1,2024,11,47,34
Q10,Quận 10,2024,11,47,31
Q11,Quận 11,2024,11,47,37
Q12,Quận 12,2024,11,47,132
Q3,Quận 3,2024,11,47,11
Q4,Quận 4,2024,11,47,33
Q5,Quận 5,2024,11,47,18
Q6,Quận 6,2024,11,47,36
Q7,Quận 7,2024,11,47,60
Q8,Quận 8,2024,11,47,64
TB,Tân Bình,2024,11,47,104
TP,Tân Phú,2024,11,47,92
TD,Thủ Đức,2024,11,47,288
BC,Bình Chánh,2024,11,48,201
BT,Bình Tân,2024,11,48,177
BTH,Bình Thạnh,2024,11,48,87
CG,Cần Giờ,2024,11,48,16
CC,Củ Chi,2024,11,48,121
GV,Gò Vấp,2024,11,48,131
HM,Hóc Môn,2024,11,48,129
NB,Nhà Bè,2024,11,48,39
PN,Phú Nhuận,2024,11,48,22
Q1,Quận 1,2024,11,48,21
Q10,Quận 10,2024,11,48,40
Q11,Quận 11,2024,11,48,40
Q12,Quận 12,2024,11,48,132
Q3,Quận 3,2024,11,48,21
Q4,Quận 4,2024,11,48,27
Q5,Quận 5,2024,11,48,25
Q6,Quận 6,2024,11,48,37
Q7,Quận 7,2024,11,48,59
Q8,Quận 8,2024,11,48,84
TB,Tân Bình,2024,11,48,88
TP,Tân Phú,2024,11,48,93
TD,Thủ Đức,2024,11,48,299
BC,Bình Chánh,2024,12,49,237
BT,Bình Tân,2024,12,49,172
BTH,Bình Thạnh,2024,12,49,104
CG,Cần Giờ,2024,12,49,19
CC,Củ Chi,2024,12,49,91
GV,Gò Vấp,2024,12,49,140
HM,Hóc Môn,2024,12,49,104
NB,Nhà Bè,2024,12,49,49
PN,Phú Nhuận,2024,12,49,16
Q1,Quận 1,2024,12,49,25
Q10,Quận 10,2024,12,49,28
Q11,Quận 11,2024,12,49,42
Q12,Quận 12,2024,12,49,126
Q3,Quận 3,2024,12,49,15
Q4,Quận 4,2024,12,49,33
Q5,Quận 5,2024,12,49,23
Q6,Quận 6,2024,12,49,44
Q7,Quận 7,2024,12,49,64
Q8,Quận 8,2024,12,49,63
TB,Tân Bình,2024,12,49,75
TP,Tân Phú,2024,12,49,78
TD,Thủ Đức,2024,12,49,284
BC,Bình Chánh,2024,12,50,207
BT,Bình Tân,2024,12,50,143
BTH,Bình Thạnh,2024,12,50,89
CG,Cần Giờ,2024,12,50,20
CC,Củ Chi,2024,12,50,106
GV,Gò Vấp,2024,12,50,133
HM,Hóc Môn,2024,12,50,119
NB,Nhà Bè,2024,12,50,49
PN,Phú Nhuận,2024,12,50,18
Q1,Quận 1,2024,12,50,24
Q10,Quận 10,2024,12,50,27
Q11,Quận 11,2024,12,50,37
Q12,Quận 12,2024,12,50,106
Q3,Quận 3,2024,12,50,23
Q4,Quận 4,2024,12,50,30
Q5,Quận 5,2024,12,50,21
Q6,Quận 6,2024,12,50,33
Q7,Quận 7,2024,12,50,66
Q8,Quận 8,2024,12,50,61
TB,Tân Bình,2024,12,50,84
TP,Tân Phú,2024,12,50,89
TD,Thủ Đức,2024,12,50,271
BC,Bình Chánh,2024,12,51,174
BT,Bình Tân,2024,12,51,170
BTH,Bình Thạnh,2024,12,51,80
CG,Cần Giờ,2024,12,51,16
CC,Củ Chi,2024,12,51,101
GV,Gò Vấp,2024,12,51,141
HM,Hóc Môn,2024,12,51,141
NB,Nhà Bè,2024,12,51,44
PN,Phú Nhuận,2024,12,51,17
Q1,Quận 1,2024,12,51,23
Q10,Quận 10,2024,12,51,30
Q11,Quận 11,2024,12,51,36
Q12,Quận 12,2024,12,51,114
Q3,Quận 3,2024,12,51,16
Q4,Quận 4,2024,12,51,25
Q5,Quận 5,2024,12,51,18
Q6,Quận 6,2024,12,51,40
Q7,Quận 7,2024,12,51,73
Q8,Quận 8,2024,12,51,75
TB,Tân Bình,2024,12,51,84
TP,Tân Phú,2024,12,51,66
TD,Thủ Đức,2024,12,51,240
BC,Bình Chánh,2024,12,52,182
BT,Bình Tân,2024,12,52,165
BTH,Bình Thạnh,2024,12,52,74
CG,Cần Giờ,2024,12,52,16
CC,Củ Chi,2024,12,52,92
GV,Gò Vấp,2024,12,52,121
HM,Hóc Môn,2024,12,52,97
NB,Nhà Bè,2024,12,52,39
PN,Phú Nhuận,2024,12,52,12
Q1,Quận 1,2024,12,52,20
Q10,Quận 10,2024,12,52,32
Q11,Quận 11,2024,12,52,34
Q12,Quận 12,2024,12,52,113
Q3,Quận 3,2024,12,52,18
Q4,Quận 4,2024,12,52,20
Q5,Quận 5,2024,12,52,24
Q6,Quận 6,2024,12,52,49
Q7,Quận 7,2024,12,52,51
Q8,Quận 8,2024,12,52,64
TB,Tân Bình,2024,12,52,89
TP,Tân Phú,2024,12,52,84
TD,Thủ Đức,2024,12,52,231
